name,dealer,url
Laptop HP ENVY 13 ba0045TU 171M2PA,GEARVN,https://gearvn.com/products/hp-envy-13-ba0045tu-171m2pa
Laptop Acer Aspire 14 AI A14 61M R9RA,GEARVN,https://gearvn.com/products/laptop-acer-aspire-14-ai-a14-61m-r9ra
Laptop Acer Aspire 16 AI A16 71M 59L5,GEARVN,https://gearvn.com/products/laptop-acer-aspire-16-ai-a16-71m-59l5
Laptop Acer Aspire 16 AI A16 71M 71U7,GEARVN,https://gearvn.com/products/laptop-acer-aspire-16-ai-a16-71m-71u7
Laptop Acer Aspire 3 A314 42P R3B3,GEARVN,https://gearvn.com/products/laptop-acer-aspire-3-a314-42p-r3b3
Laptop Acer Aspire 3 A315 510P 34XZ,GEARVN,https://gearvn.com/products/laptop-acer-aspire-3-a315-510p-34xz
Laptop Acer Aspire 5 A514 56P 562P,GEARVN,https://gearvn.com/products/laptop-acer-aspire-5-a514-56p-562p
Laptop Acer Aspire 5 A515 58GM 59LJ,GEARVN,https://gearvn.com/products/laptop-acer-aspire-5-a515-58gm-59lj
Laptop Acer Aspire 5 A515 58M 56YX,GEARVN,https://gearvn.com/products/laptop-acer-aspire-5-a515-58m-56yx
Laptop Acer Aspire 5 A515 58M 79R7,GEARVN,https://gearvn.com/products/laptop-acer-aspire-5-a515-58m-79r7
Laptop Acer Aspire 5 A515 58P 56RP,GEARVN,https://gearvn.com/products/laptop-acer-aspire-5-a515-58p-56rp
Laptop Acer Aspire 5 A515 58P 71EJ,GEARVN,https://gearvn.com/products/laptop-acer-aspire-5-a515-58p-71ej
Laptop Acer Aspire 5 A515 58P 9841,GEARVN,https://gearvn.com/products/laptop-acer-aspire-5-a515-58p-9841
Laptop Acer Aspire Go 14 AG14-72P-34M4,GEARVN,https://gearvn.com/products/laptop-acer-aspire-go-14-ag14-72p-34m4
Laptop Acer Aspire Go 14 AG14-72P-563L,GEARVN,https://gearvn.com/products/laptop-acer-aspire-go-14-ag14-72p-563l
Laptop Acer Aspire Go 14 AI AG14 I71M 50AL,GEARVN,https://gearvn.com/products/laptop-acer-aspire-go-14-ai-ag14-i71m-50al
Laptop Acer Aspire Go 15 AG15 71P 58X1,GEARVN,https://gearvn.com/products/laptop-acer-aspire-go-15-ag15-71p-58x1
Laptop Acer Aspire Go 15 AG15-72P-35X9,GEARVN,https://gearvn.com/products/laptop-acer-aspire-go-15-ag15-72p-35x9
Laptop Acer Aspire Go 15 AI AG15 52P 52WT,GEARVN,https://gearvn.com/products/laptop-acer-aspire-go-15-ai-ag15-52p-52wt
Laptop Acer Aspire Go 15 AI AG15 72P 54GY,GEARVN,https://gearvn.com/products/laptop-acer-aspire-go-15-ai-ag15-72p-54gy
Laptop Acer Aspire Go AG14 71M 57WR,GEARVN,https://gearvn.com/products/laptop-acer-aspire-go-ag14-71m-57wr
Laptop Acer Aspire Go AG14 71M 7681,GEARVN,https://gearvn.com/products/laptop-acer-aspire-go-ag14-71m-7681
Laptop Acer Aspire Lite 14 AL14 44P R0SP,GEARVN,https://gearvn.com/products/laptop-acer-aspire-lite-14-al14-44p-r0sp
Laptop Acer Aspire Lite 14 AL14 45P R7Z3,GEARVN,https://gearvn.com/products/laptop-acer-aspire-lite-14-al14-45p-r7z3
Laptop Acer Aspire Lite 14 AL14-52P-309T,GEARVN,https://gearvn.com/products/laptop-acer-aspire-lite-14-al14-52p-309t
Laptop Acer Aspire Lite 14 AL14 71P 55P9,GEARVN,https://gearvn.com/products/laptop-acer-aspire-lite-14-al14-71p-55p9
Laptop Acer Aspire Lite 14 AL15 36P 30TN,GEARVN,https://gearvn.com/products/laptop-acer-aspire-lite-14-al15-36p-30tn
Laptop Acer Aspire Lite 15 AL15 21P R87W,GEARVN,https://gearvn.com/products/laptop-acer-aspire-lite-15-al15-21p-r87w
Laptop Acer Aspire Lite 15 AL15 21P R91W,GEARVN,https://gearvn.com/products/laptop-acer-aspire-lite-15-al15-21p-r91w
Laptop Acer Aspire Lite 15 AL15 41P R3U5,GEARVN,https://gearvn.com/products/laptop-acer-aspire-lite-15-al15-41p-r3u5
Laptop Acer Aspire Lite 15 AL15-42P-R8E6,GEARVN,https://gearvn.com/products/laptop-acer-aspire-lite-15-al15-42p-r8e6
Laptop Acer Aspire Lite 15 AL15 44P R4UH,GEARVN,https://gearvn.com/products/laptop-acer-aspire-lite-15-al15-44p-r4uh
Laptop Acer Aspire Lite 15 AL15 46P R73C,GEARVN,https://gearvn.com/products/laptop-acer-aspire-lite-15-al15-46p-r73c
Laptop Acer Aspire Lite 15 AL15-48P-R5MN,GEARVN,https://gearvn.com/products/laptop-acer-aspire-lite-15-al15-48p-r5mn
Laptop Acer Aspire Lite 15 AL15 53P 56QH,GEARVN,https://gearvn.com/products/laptop-acer-aspire-lite-15-al15-53p-56qh
Laptop Acer Aspire Lite 16 AI AL16 71P 582Q,GEARVN,https://gearvn.com/products/laptop-acer-aspire-lite-16-ai-al16-71p-582q
Laptop Acer Aspire Lite 16 AL16 52P 76DU,GEARVN,https://gearvn.com/products/laptop-acer-aspire-lite-16-al16-52p-76du
Laptop Acer Aspire Lite AL15 72P 581V,GEARVN,https://gearvn.com/products/laptop-acer-aspire-lite-al15-72p-581v
Laptop Acer Aspire Lite AL15 72P 7232,GEARVN,https://gearvn.com/products/laptop-acer-aspire-lite-al15-72p-7232
Laptop Acer Swift 14 AI SF14 51 53P9,GEARVN,https://gearvn.com/products/laptop-acer-swift-14-ai-sf14-51-53p9
Laptop Acer Swift 14 AI SF14 51 75VP,GEARVN,https://gearvn.com/products/laptop-acer-swift-14-ai-sf14-51-75vp
Laptop Acer Swift 3 SF314 511 55QE,GEARVN,https://gearvn.com/products/laptop-acer-swift-3-evo-sf314-511-55qe
Laptop Acer Swift Edge 14 AI SFE14-51T-52KD,GEARVN,https://gearvn.com/products/laptop-acer-swift-edge-14-ai-sfe14-51t-52kd
Laptop Acer Swift Go 14 AI SFG14 75 5264,GEARVN,https://gearvn.com/products/laptop-acer-swift-go-14-ai-sfg14-75-5264
Laptop Acer Swift Go 14 AI SFG14 I71 70RP,GEARVN,https://gearvn.com/products/laptop-acer-swift-go-14-ai-sfg14-i71-70rp
Laptop Acer Swift Go 14 SFG14 73 57FZ,GEARVN,https://gearvn.com/products/laptop-acer-swift-go-14-sfg14-73-57fz
Laptop Acer Swift Go 14 SFG14 73 71ZX,GEARVN,https://gearvn.com/products/laptop-acer-swift-go-14-sfg14-73-71zx
Laptop Acer Swift Go 14 SFG14 73 75YM,GEARVN,https://gearvn.com/products/laptop-acer-swift-go-14-sfg14-73-75ym
Laptop Acer Swift Go SFG14 74 58FJ,GEARVN,https://gearvn.com/products/laptop-acer-swift-go-sfg14-74-58fj
Laptop Acer Swift Go SFG14 74T 55HD,GEARVN,https://gearvn.com/products/laptop-acer-swift-go-sfg14-74t-55hd
Laptop ACER Swift Lite 14 SFL14 51M 56HS,GEARVN,https://gearvn.com/products/laptop-acer-swift-lite-14-sfl14-51m-56hs
Laptop Acer Swift X14 SFX14 71G 78SY,GEARVN,https://gearvn.com/products/laptop-acer-swift-x14-sfx14-71g-78sy
Laptop Acer Swift X14 SFX14 72G 708X,GEARVN,https://gearvn.com/products/laptop-acer-swift-x14-sfx14-72g-708x
Laptop Acer Swift X14 SFX14 72G 77F9,GEARVN,https://gearvn.com/products/laptop-acer-swift-x14-sfx14-72g-77f9
Laptop Acer Swift X14 SFX14 72G 79UW,GEARVN,https://gearvn.com/products/laptop-acer-swift-x14-sfx14-72g-79uw
Laptop ASUS ExpertBook B1 BM1403CDA S60974W,GEARVN,https://gearvn.com/products/laptop-asus-expertbook-b1-bm1403cda-s60974w
Laptop ASUS ExpertBook B1 BM1403CDA S61611W,GEARVN,https://gearvn.com/products/laptop-asus-expertbook-b1-bm1403cda-s61611w
Laptop ASUS ExpertBook P1 P1403CVA-C5H08-50W,GEARVN,https://gearvn.com/products/laptop-asus-expertbook-p1-p1403cva-c5h08-50w
Laptop ASUS ExpertBook P1403CVA-C3U08-50W,GEARVN,https://gearvn.com/products/laptop-asus-expertbook-p1403cva-c3u08-50w
Laptop ASUS ExpertBook P1403CVA-C5H16-50W,GEARVN,https://gearvn.com/products/laptop-asus-expertbook-p1403cva-c5h16-50w
Laptop ASUS Expertbook P1403CVA-i516-50W,GEARVN,https://gearvn.com/products/laptop-asus-expertbook-p1403cva-i516-50w
Laptop ASUS Expertbook P1403CVA-i716-50W,GEARVN,https://gearvn.com/products/laptop-asus-expertbook-p1403cva-i716-50w
Laptop Asus ExpertBook P3 P3405CVA-NZ0027W,GEARVN,https://gearvn.com/products/laptop-asus-expertbook-p3-p3405cva-nz0027w
Laptop ASUS ExpertBook P3405CVA-NZ0077W,GEARVN,https://gearvn.com/products/laptop-asus-expertbook-p3405cva-nz0077w
Laptop ASUS Vivobook 15 OLED A1505VA MA468W,GEARVN,https://gearvn.com/products/laptop-asus-vivobook-15-oled-a1505va-ma468w
Laptop ASUS Vivobook S 16 OLED M5606KA RI016WS,GEARVN,https://gearvn.com/products/laptop-asus-vivobook-s-16-oled-m5606ka-ri016ws
Laptop ASUS Vivobook S14 S3407CA LY095WS,GEARVN,https://gearvn.com/products/laptop-asus-vivobook-s14-s3407ca-ly095ws
Laptop ASUS Vivobook S14 S3407CA LY096WS,GEARVN,https://gearvn.com/products/laptop-asus-vivobook-s14-s3407ca-ly096ws
Laptop ASUS Vivobook S14 S3407VA LY046W,GEARVN,https://gearvn.com/products/laptop-asus-vivobook-s14-s3407va-ly046w
Laptop ASUS Zenbook 14 UM3406KA PP555WS,GEARVN,https://gearvn.com/products/laptop-asus-zenbook-14-um3406ka-pp555ws
Laptop ASUS Zenbook 14 UX3405CA PZ187WS,GEARVN,https://gearvn.com/products/laptop-asus-zenbook-14-ux3405ca-pz187ws
Laptop ASUS Zenbook 14 UX3405CA PZ204WS,GEARVN,https://gearvn.com/products/laptop-asus-zenbook-14-ux3405ca-pz204ws
Laptop ASUS Zenbook 14 UX3405CA PZ368WS,GEARVN,https://gearvn.com/products/laptop-asus-zenbook-14-ux3405ca-pz368ws
Laptop ASUS Zenbook 14 UX3407QA QD299WS,GEARVN,https://gearvn.com/products/laptop-asus-zenbook-14-ux3407qa-qd299ws
Laptop Dell 15 DC15250 i7U161W11SLU,GEARVN,https://gearvn.com/products/laptop-dell-15-dc15250-i7u161w11slu
Laptop Dell Inspirion N3530 i5U165W11SLU (1334U),GEARVN,https://gearvn.com/products/laptop-dell-inspirion-n3530-i5u165w11slu-1334u
Laptop Dell Inspiron 14 N5430 i5P165W11SL2050,GEARVN,https://gearvn.com/products/laptop-dell-inspiron-14-n5430-i5p165w11sl2050
Laptop Dell Inspiron 14 N5430 i5P165W11SLD2,GEARVN,https://gearvn.com/products/laptop-dell-inspiron-14-n5430-i5p165w11sld2
Laptop Dell Inspiron 15 3520 i5U165W11BLU-FP,GEARVN,https://gearvn.com/products/laptop-dell-inspiron-15-3520-i5u165w11blu-fp
Laptop Dell Inspiron 15 3530 N3530-i7U161W11BLU-FP,GEARVN,https://gearvn.com/products/laptop-dell-inspiron-15-3530-n3530-i7u161w11blu-fp
Laptop Dell Inspiron 15 5502 1XGR11,GEARVN,https://gearvn.com/products/laptop-dell-inspiron-15-5502-1xgr11
Laptop Dell Inspiron 15 7501 X3MRY1,GEARVN,https://gearvn.com/products/laptop-dell-inspiron-15-7501-x3mry1
Laptop Dell Inspiron 16 5640 C7U161W11IBU,GEARVN,https://gearvn.com/products/laptop-dell-inspiron-16-5640-c7u161w11ibu
Laptop Dell Inspiron 16 N5630 i7P165W11SLU,GEARVN,https://gearvn.com/products/laptop-dell-inspiron-16-n5630-i7p165w11slu
Laptop Dell Inspiron 3520 N5I5011W1 Black,GEARVN,https://gearvn.com/products/laptop-dell-inspiron-3520-n5i5011w1-black
Laptop Dell Inspiron 3520 N5I5052W1-Silver,GEARVN,https://gearvn.com/products/laptop-dell-inspiron-3520-n5i5052w1-silver
Laptop Dell Inspiron 3530 N3530I716W1 Silver,GEARVN,https://gearvn.com/products/laptop-dell-inspiron-3530-n3530i716w1-silver
Laptop Dell Inspiron 3530 N5I5007W1-Silver,GEARVN,https://gearvn.com/products/laptop-dell-inspiron-3530-n5i5007w1-silver
Laptop Dell Inspiron 3530 N5I5791W1 Black,GEARVN,https://gearvn.com/products/laptop-dell-inspiron-3530-n5i5791w1-black
Laptop Dell Inspiron 5430 N4I5497W1 Silver,GEARVN,https://gearvn.com/products/laptop-dell-inspiron-5430-n4i5497w1-silver
Laptop Dell Inspiron 5440 G14 N4I5211W1-IceBlue,GEARVN,https://gearvn.com/products/laptop-dell-inspiron-5440-g14-n4i5211w1-iceblue
Laptop Dell Inspiron 5440 G14 N4I7204W1-IceBlue,GEARVN,https://gearvn.com/products/laptop-dell-inspiron-5440-g14-n4i7204w1-iceblue
"Laptop Dell Inspiron 5440-PUS i5-1334U/512GB/16GB DDR5/14"" FHD/W11/Carbon Black Nhập Khẩu",GEARVN,https://gearvn.com/products/laptop-dell-inspiron-5440-pus-i5-1334u-512gb-16gb-ddr5-14-fhd-w11-carbon-black-nhap-khau
Laptop Dell Inspiron 5640 G14 N6I7512W1-IceBlue,GEARVN,https://gearvn.com/products/laptop-dell-inspiron-5640-g14-n6i7512w1-iceblue
Laptop Dell Inspiron 5640 N6I5419W1-IceBlue,GEARVN,https://gearvn.com/products/laptop-dell-inspiron-5640-n6i5419w1-iceblue
Laptop Dell Inspiron T7430 N7430I58W1 Silver,GEARVN,https://gearvn.com/products/laptop-dell-inspiron-t7430-n7430i58w1-silver
Laptop Dell Latitude 3520 P108F001 70280538,GEARVN,https://gearvn.com/products/laptop-dell-latitude-3520-p108f001-70280538
Laptop Dell Vostro 15 5502 70231340,GEARVN,https://gearvn.com/products/laptop-dell-vostro-15-5502-70231340
Laptop Dell Vostro 15 V3530 i7U085W11GRD2,GEARVN,https://gearvn.com/products/laptop-dell-vostro-15-v3530-i7u085w11grd2
Laptop Dell Vostro 16 V5630 i5U165W11GRU,GEARVN,https://gearvn.com/products/laptop-dell-vostro-16-v5630-i5u165w11gru
Laptop Dell Vostro 3420 71003348,GEARVN,https://gearvn.com/products/laptop-dell-vostro-3420-71003349
Laptop Dell XPS 9350 XPS9350-U5IA165W11GR-FP,GEARVN,https://gearvn.com/products/laptop-dell-xps-9350-xps9350-u5ia165w11gr-fp
Laptop gaming Acer Aspire 7 A715 59G 53GZ,GEARVN,https://gearvn.com/products/laptop-gaming-acer-aspire-7-a715-59g-53gz
Laptop gaming Acer Aspire 7 A715 59G 55MD,GEARVN,https://gearvn.com/products/laptop-gaming-acer-aspire-7-a715-59g-55md
Laptop gaming Acer Aspire 7 A715 59G 57TU,GEARVN,https://gearvn.com/products/laptop-gaming-acer-aspire-7-a715-59g-57tu
Laptop gaming Acer Aspire 7 A715 59G 59RD,GEARVN,https://gearvn.com/products/laptop-gaming-acer-aspire-7-a715-59g-59rd
Laptop gaming Acer Aspire 7 A715 59G 73LB,GEARVN,https://gearvn.com/products/laptop-gaming-acer-aspire-7-a715-59g-73lb
Laptop gaming Acer Aspire 7 A715 59G 78WG,GEARVN,https://gearvn.com/products/laptop-gaming-acer-aspire-7-a715-59g-78wg
Laptop gaming Acer Aspire 7 A715 59G 79XF,GEARVN,https://gearvn.com/products/laptop-gaming-acer-aspire-7-a715-59g-79xf
Laptop gaming Acer Nitro ProPanel AN16S 61 R5F4,GEARVN,https://gearvn.com/products/laptop-gaming-acer-gaming-nitro-v-propanel-an16s-61-r5f4
Laptop gaming Acer Nitro ProPanel AN16S 61 R193,GEARVN,https://gearvn.com/products/laptop-gaming-acer-nitro-16-ai-propanel-an16s-61-r193
Laptop gaming Acer Nitro ProPanel ANV16S-61-R7KQ,GEARVN,https://gearvn.com/products/laptop-gaming-acer-nitro-anv16s-61-r7kq
Laptop gaming Acer Nitro Lite 16 NL16 71G 56WQ,GEARVN,https://gearvn.com/products/laptop-gaming-acer-nitro-lite-16-nl16-71g-56wq
Laptop gaming Acer Nitro Lite 16 NL16 71G 71UJ,GEARVN,https://gearvn.com/products/laptop-gaming-acer-nitro-lite-16-nl16-71g-71uj
Laptop gaming Acer Nitro Lite NL16-71G-71FN,GEARVN,https://gearvn.com/products/laptop-gaming-acer-nitro-lite-nl16-71g-71fn
Laptop gaming Acer Nitro ProPanel AN16S-61-R7ZJ,GEARVN,https://gearvn.com/products/laptop-gaming-acer-nitro-propanel-an16s-61-r7zj
Laptop gaming Acer Nitro V15 ANV15-41-R732,GEARVN,https://gearvn.com/products/laptop-gaming-acer-nitro-propanel-anv15-41-r732
Laptop gaming Acer Nitro ProPanel ANV15-42-R0QM,GEARVN,https://gearvn.com/products/laptop-gaming-acer-nitro-propanel-anv15-42-r0qm
Laptop gaming Acer Nitro ProPanel ANV15-42-R5EF,GEARVN,https://gearvn.com/products/laptop-gaming-acer-nitro-propanel-anv15-42-r5ef
Laptop gaming Acer Nitro ProPanel ANV15-42-R9EH,GEARVN,https://gearvn.com/products/laptop-gaming-acer-nitro-propanel-anv15-42-r9eh
Laptop gaming Acer Nitro ProPanel ANV15 52 556L,GEARVN,https://gearvn.com/products/laptop-gaming-acer-nitro-propanel-anv15-52-556l
Laptop gaming Acer Nitro ProPanel ANV15 52 78MD,GEARVN,https://gearvn.com/products/laptop-gaming-acer-nitro-propanel-anv15-52-78md
Laptop gaming Acer Nitro ProPanel ANV16-72-71T9,GEARVN,https://gearvn.com/products/laptop-gaming-acer-nitro-propanel-anv16-72-71t9
Laptop gaming Acer Nitro ProPanel ANV16 72 782F,GEARVN,https://gearvn.com/products/laptop-gaming-acer-nitro-propanel-anv16-72-782f
Laptop gaming Acer Nitro ProPanel ANV16S-71-58WQ,GEARVN,https://gearvn.com/products/laptop-gaming-acer-nitro-propanel-anv16s-71-58wq
Laptop gaming Acer Nitro ProPanel AN16S-61-R9CN,GEARVN,https://gearvn.com/products/laptop-gaming-acer-nitro-s-ai-propanel-an16s-61-r9cn
Laptop gaming Acer Nitro V 15 ANV15 41 R1JY,GEARVN,https://gearvn.com/products/laptop-gaming-acer-nitro-v-15-anv15-41-r1jy
Laptop gaming Acer Nitro V 15 ANV15 41 R2UP,GEARVN,https://gearvn.com/products/laptop-gaming-acer-nitro-v-15-anv15-41-r2up
Laptop gaming Acer Nitro V 15 ProPanel ANV15 41 R0FE,GEARVN,https://gearvn.com/products/laptop-gaming-acer-nitro-v-15-propanel-anv15-41-r0fe
Laptop gaming Acer Nitro ProPanel ANV15-41-R7CR,GEARVN,https://gearvn.com/products/laptop-gaming-acer-nitro-v-15-propanel-anv15-41-r7cr
Laptop gaming Acer Nitro ProPanel ANV15-52-50RB,GEARVN,https://gearvn.com/products/laptop-gaming-acer-nitro-v-15-propanel-anv15-52-50rb
Laptop gaming Acer Nitro ProPanel ANV15-52-50VA,GEARVN,https://gearvn.com/products/laptop-gaming-acer-nitro-v-15-propanel-anv15-52-50va
Laptop gaming Acer Nitro ProPanel ANV15-52-73Z8,GEARVN,https://gearvn.com/products/laptop-gaming-acer-nitro-v-15-propanel-anv15-52-73z8
Laptop gaming Acer Nitro ProPanel ANV16S-41-R337,GEARVN,https://gearvn.com/products/laptop-gaming-acer-nitro-v-16s-propanel-anv16s-41-r337
Laptop gaming Acer Nitro ProPanel ANV16S-61-R0B8,GEARVN,https://gearvn.com/products/laptop-gaming-acer-nitro-v-16s-propanel-anv16s-61-r0b8
Laptop gaming Acer Nitro V 16S Propanel ANV16S 61 R9ZV,GEARVN,https://gearvn.com/products/laptop-gaming-acer-nitro-v-16s-propanel-anv16s-61-r9zv
Laptop gaming Acer Nitro V ANV15 51 78BG,GEARVN,https://gearvn.com/products/laptop-gaming-acer-nitro-v-anv15-51-78bg
Laptop gaming Acer Nitro ProPanel ANV16-41-R36Y,GEARVN,https://gearvn.com/products/laptop-gaming-acer-nitro-v-anv16-41-r36y
Laptop gaming Acer Nitro V ANV16 41 R4KD,GEARVN,https://gearvn.com/products/laptop-gaming-acer-nitro-v-anv16-41-r4kd
Laptop gaming Acer Nitro ProPanel ANV16-41-R7EN,GEARVN,https://gearvn.com/products/laptop-gaming-acer-nitro-v-anv16-41-r7en
Laptop gaming Acer Nitro ProPanel ANV15-41-R0Y4,GEARVN,https://gearvn.com/products/laptop-gaming-acer-nitro-v-propanel-anv15-41-r0y4
Laptop gaming Acer Nitro ProPanel ANV15-41-R9M1,GEARVN,https://gearvn.com/products/laptop-gaming-acer-nitro-v-propanel-anv15-41-r9m1
Laptop gaming Acer Nitro ProPanel ANV15-52-59AA,GEARVN,https://gearvn.com/products/laptop-gaming-acer-nitro-v-propanel-anv15-52-59aa
Laptop gaming Acer Nitro ProPanel ANV15-52-72BM,GEARVN,https://gearvn.com/products/laptop-gaming-acer-nitro-v-propanel-anv15-52-72bm
Laptop gaming Acer Nitro ProPanel ANV15-52-74UM,GEARVN,https://gearvn.com/products/laptop-gaming-acer-nitro-v-propanel-anv15-52-74um
Laptop gaming Acer Predator Helios 16 AI PH16 73 93HD,GEARVN,https://gearvn.com/products/laptop-gaming-acer-predator-helios-16-ai-ph16-73-93hd
Laptop gaming Acer Predator Helios 16 AI PH16 73 950C,GEARVN,https://gearvn.com/products/laptop-gaming-acer-predator-helios-16-ai-ph16-73-950c
Laptop gaming Acer Predator Helios 18 PH18 73 93P0,GEARVN,https://gearvn.com/products/laptop-gaming-acer-predator-helios-18-ph18-73-93p0
Laptop gaming Acer Predator Helios 18 PH18 73 98AQ,GEARVN,https://gearvn.com/products/laptop-gaming-acer-predator-helios-18-ph18-73-98aq
Laptop gaming Acer Predator Helios Neo 16 PHN16 I31 50H7,GEARVN,https://gearvn.com/products/laptop-gaming-acer-predator-helios-neo-16-phn16-i31-50h7
Laptop gaming Acer Predator Helios Neo 16 PHN16 I31 72XE,GEARVN,https://gearvn.com/products/laptop-gaming-acer-predator-helios-neo-16-phn16-i31-72xe
Laptop gaming Acer Predator Helios Neo 16 PHN16 I31 74MN,GEARVN,https://gearvn.com/products/laptop-gaming-acer-predator-helios-neo-16-phn16-i31-74mn
Laptop gaming Acer Predator Helios Neo 16S PHN16S 71 94T0,GEARVN,https://gearvn.com/products/laptop-gaming-acer-predator-helios-neo-16s-phn16s-71-94t0-2
Laptop gaming Acer Predator Helios Neo 16S PHN16S 71 95MS,GEARVN,https://gearvn.com/products/laptop-gaming-acer-predator-helios-neo-16s-phn16s-71-95ms-2
Laptop gaming Acer Predator Helios Neo 16S PHN16S I51 97T9,GEARVN,https://gearvn.com/products/laptop-gaming-acer-predator-helios-neo-16s-phn16s-i51-97t9
Laptop gaming Acer Predator Helios Neo 16S PHN16S I51 98CX,GEARVN,https://gearvn.com/products/laptop-gaming-acer-predator-helios-neo-16s-phn16s-i51-98cx
Laptop gaming Acer Predator Helios PHN16 73 757W,GEARVN,https://gearvn.com/products/laptop-gaming-acer-predator-helios-phn16-73-757w
Laptop gaming Acer Predator Triton 14 AI PT14-52T-99TU,GEARVN,https://gearvn.com/products/laptop-gaming-acer-predator-triton-14-ai-pt14-52t-99tu
Laptop gaming Acer Predator Triton Neo 16 PTN16 51 78JQ,GEARVN,https://gearvn.com/products/laptop-gaming-acer-predator-triton-neo-16-ptn16-51-78jq
Laptop gaming ASUS Gaming V16 V3607VH RP084W,GEARVN,https://gearvn.com/products/laptop-gaming-asus-gaming-v16-v3607vh-rp084w
Laptop gaming ASUS Gaming V16 V3607VU RP216W,GEARVN,https://gearvn.com/products/laptop-gaming-asus-gaming-v16-v3607vu-rp216w
Laptop gaming ASUS ROG Flow Z13 GZ302EA RU145WS,GEARVN,https://gearvn.com/products/laptop-gaming-asus-rog-flow-z13-gz302ea-ru145ws
Laptop gaming ASUS ROG Flow Z13 GZ302EAC RU184WS,GEARVN,https://gearvn.com/products/laptop-gaming-asus-rog-flow-z13-gz302eac-ru184ws
Laptop gaming ASUS ROG Strix G16 G614PH-S5101W,GEARVN,https://gearvn.com/products/laptop-gaming-asus-rog-strix-g16-g614ph-s5101w
Laptop gaming ASUS ROG Strix G16 G614PH-TS118W,GEARVN,https://gearvn.com/products/laptop-gaming-asus-rog-strix-g16-g614ph-ts118w
Laptop gaming ASUS ROG Strix G16 G614PM-RV233W,GEARVN,https://gearvn.com/products/laptop-gaming-asus-rog-strix-g16-g614pm-rv233w
Laptop gaming ASUS ROG Strix G16 G614PM-S5181WS,GEARVN,https://gearvn.com/products/laptop-gaming-asus-rog-strix-g16-g614pm-s5181ws
Laptop gaming ASUS ROG Strix G16 G614PM-TS147W,GEARVN,https://gearvn.com/products/laptop-gaming-asus-rog-strix-g16-g614pm-ts147w
Laptop gaming ASUS ROG Strix G16 G614PP-TS112W,GEARVN,https://gearvn.com/products/laptop-gaming-asus-rog-strix-g16-g614pp-ts112w
Laptop gaming ASUS ROG Strix G16 G614PR-TS103W,GEARVN,https://gearvn.com/products/laptop-gaming-asus-rog-strix-g16-g614pr-ts103w
Laptop gaming ASUS ROG Strix G16 G614PW-TS051W,GEARVN,https://gearvn.com/products/laptop-gaming-asus-rog-strix-g16-g614pw-ts051w
Laptop gaming ASUS ROG Strix G16 G615JHR S5069W,GEARVN,https://gearvn.com/products/laptop-gaming-asus-rog-strix-g16-g615jhr-s5069w
Laptop gaming ASUS ROG Strix G16 G615JMR S5155W,GEARVN,https://gearvn.com/products/laptop-gaming-asus-rog-strix-g16-g615jmr-s5155w
Laptop gaming ASUS ROG Strix G16 G615JPR S5107W,GEARVN,https://gearvn.com/products/laptop-gaming-asus-rog-strix-g16-g615jpr-s5107w
Laptop gaming ASUS ROG Strix G16 G615LR S5238W,GEARVN,https://gearvn.com/products/laptop-gaming-asus-rog-strix-g16-g615lr-s5238w
Laptop gaming ASUS ROG Strix G16 G615LR S5289W,GEARVN,https://gearvn.com/products/laptop-gaming-asus-rog-strix-g16-g615lr-s5289w
Laptop gaming ASUS ROG Strix G16 G615LW S5135W,GEARVN,https://gearvn.com/products/laptop-gaming-asus-rog-strix-g16-g615lw-s5135w
Laptop gaming ASUS ROG Strix G16 G615LW S5219W,GEARVN,https://gearvn.com/products/laptop-gaming-asus-rog-strix-g16-g615lw-s5219w
Laptop gaming ASUS ROG Strix G18 G815LM S9088W,GEARVN,https://gearvn.com/products/laptop-gaming-asus-rog-strix-g18-g815lm-s9088w
Laptop gaming ASUS ROG Strix G18 G815LP S9102W,GEARVN,https://gearvn.com/products/laptop-gaming-asus-rog-strix-g18-g815lp-s9102w
Laptop gaming ASUS ROG Strix G18 G815LR S9211W,GEARVN,https://gearvn.com/products/laptop-gaming-asus-rog-strix-g18-g815lr-s9211w
Laptop gaming ASUS ROG Strix G18 G815LW S9164W,GEARVN,https://gearvn.com/products/laptop-gaming-asus-rog-strix-g18-g815lw-s9164w
Laptop gaming ASUS ROG Strix SCAR 16 G635LX RW192W,GEARVN,https://gearvn.com/products/laptop-gaming-asus-rog-strix-scar-16-g635lx-rw192w
Laptop gaming ASUS ROG Strix SCAR 18 G835LR SA130W,GEARVN,https://gearvn.com/products/laptop-gaming-asus-rog-strix-scar-18-g835lr-sa130w
Laptop gaming ASUS ROG Strix SCAR 18 G835LW SA172W,GEARVN,https://gearvn.com/products/laptop-gaming-asus-rog-strix-scar-18-g835lw-sa172w
Laptop gaming ASUS ROG Strix SCAR 18 G835LW SA193W,GEARVN,https://gearvn.com/products/laptop-gaming-asus-rog-strix-scar-18-g835lw-sa193w
Laptop gaming ASUS ROG Strix SCAR 18 G835LX SA208W,GEARVN,https://gearvn.com/products/laptop-gaming-asus-rog-strix-scar-18-g835lx-sa208w
Laptop gaming ASUS ROG Zephyrus G14 GA403GM-SY004W,GEARVN,https://gearvn.com/products/laptop-gaming-asus-rog-zephyrus-g14-ga403gm-sy004w
Laptop gaming ASUS ROG Zephyrus G14 GA403WM QS051WS,GEARVN,https://gearvn.com/products/laptop-gaming-asus-rog-zephyrus-g14-ga403wm-qs051ws
Laptop gaming ASUS ROG Zephyrus G14 GA403WM QS058WS,GEARVN,https://gearvn.com/products/laptop-gaming-asus-rog-zephyrus-g14-ga403wm-qs058ws
Laptop gaming ASUS ROG Zephyrus G14 GA403WP QS045WS,GEARVN,https://gearvn.com/products/laptop-gaming-asus-rog-zephyrus-g14-ga403wp-qs045ws
Laptop gaming ASUS ROG Zephyrus G14 GA403WR QS103WS,GEARVN,https://gearvn.com/products/laptop-gaming-asus-rog-zephyrus-g14-ga403wr-qs103ws
Laptop gaming ASUS ROG Zephyrus G14 GA403WR QS156WS,GEARVN,https://gearvn.com/products/laptop-gaming-asus-rog-zephyrus-g14-ga403wr-qs156ws
Laptop gaming ASUS ROG Zephyrus G16 GU605CM QR078W,GEARVN,https://gearvn.com/products/laptop-gaming-asus-rog-zephyrus-g16-gu605cm-qr078w
Laptop gaming ASUS ROG Zephyrus G16 GU605CR QR107W,GEARVN,https://gearvn.com/products/laptop-gaming-asus-rog-zephyrus-g16-gu605cr-qr107w
Laptop gaming ASUS ROG Zephyrus G16 GU605CX QR147W,GEARVN,https://gearvn.com/products/laptop-gaming-asus-rog-zephyrus-g16-gu605cx-qr147w
Laptop gaming ASUS TUF F16 FX608JHR RV037W,GEARVN,https://gearvn.com/products/laptop-gaming-asus-tuf-f16-fx608jhr-rv037w
Laptop gaming ASUS TUF F16 FX608JMR RV048W,GEARVN,https://gearvn.com/products/laptop-gaming-asus-tuf-f16-fx608jmr-rv048w
Laptop gaming ASUS TUF Gaming A14 FA401EA-RG034W,GEARVN,https://gearvn.com/products/laptop-gaming-asus-tuf-gaming-a14-fa401ea-rg034w
Laptop gaming ASUS TUF Gaming A14 FA401GM RG013W,GEARVN,https://gearvn.com/products/laptop-gaming-asus-tuf-gaming-a14-fa401gm-rg013w
Laptop gaming ASUS TUF Gaming A15 FA507NV LP061W,GEARVN,https://gearvn.com/products/laptop-gaming-asus-tuf-gaming-a15-fa507nv-lp061w
Laptop gaming ASUS TUF Gaming A16 FA608PP RV089W,GEARVN,https://gearvn.com/products/laptop-gaming-asus-tuf-gaming-a16-fa608pp-rv089w
Laptop gaming ASUS TUF Gaming A16 FA608UM RV266W,GEARVN,https://gearvn.com/products/laptop-gaming-asus-tuf-gaming-a16-fa608um-rv266w
Laptop gaming ASUS TUF Gaming F16 FX607VJ RL034W,GEARVN,https://gearvn.com/products/laptop-gaming-asus-tuf-gaming-f16-fx607vj-rl034w
Laptop gaming ASUS TUF Gaming F16 FX608JH QT127W,GEARVN,https://gearvn.com/products/laptop-gaming-asus-tuf-gaming-f16-fx608jh-qt127w
Laptop gaming ASUS TUF Gaming F16 FX608JH RV039W,GEARVN,https://gearvn.com/products/laptop-gaming-asus-tuf-gaming-f16-fx608jh-rv039w
Laptop gaming ASUS TUF Gaming F16 FX608JHI TU209W,GEARVN,https://gearvn.com/products/laptop-gaming-asus-tuf-gaming-f16-fx608jhi-tu209w
Laptop gaming ASUS TUF Gaming F16 FX608JMI TU241W,GEARVN,https://gearvn.com/products/laptop-gaming-asus-tuf-gaming-f16-fx608jmi-tu241w
Laptop gaming ASUS V16 K3607VJ RP106W,GEARVN,https://gearvn.com/products/laptop-gaming-asus-v16-k3607vj-rp106w
Laptop gaming ASUS V16 V3607VH RP024W,GEARVN,https://gearvn.com/products/laptop-gaming-asus-v16-v3607vh-rp024w
Laptop gaming ASUS V16 V3607VH RP025W,GEARVN,https://gearvn.com/products/laptop-gaming-asus-v16-v3607vh-rp025w
Laptop gaming ASUS V16 V3607VU RP290W,GEARVN,https://gearvn.com/products/laptop-gaming-asus-v16-v3607vu-rp290w
Laptop gaming ASUS V16 V3607VU RP343W,GEARVN,https://gearvn.com/products/laptop-gaming-asus-v16-v3607vu-rp343w
Laptop gaming ASUS Vivobook K3605VC RP431W,GEARVN,https://gearvn.com/products/laptop-gaming-asus-vivobook-k3605vc-rp431w
Laptop gaming Dell G15 5530 i7H161W11GR4060,GEARVN,https://gearvn.com/products/laptop-gaming-dell-g15-5530-i7h161w11gr4060
Laptop gaming Dell G15 5530 i9H161W11GR4060,GEARVN,https://gearvn.com/products/laptop-gaming-dell-g15-5530-i9h161w11gr4060
Laptop gaming Gigabyte A16 CMHH2MY893SH,GEARVN,https://gearvn.com/products/laptop-gaming-gigabyte-a16-cmhh2my893sh
Laptop gaming Gigabyte A16 CMHH2VN893SH,GEARVN,https://gearvn.com/products/laptop-gaming-gigabyte-a16-cmhh2vn893sh
Laptop gaming Gigabyte A16 CMHI2MY893SH,GEARVN,https://gearvn.com/products/laptop-gaming-gigabyte-a16-cmhi2my893sh
Laptop gaming Gigabyte A16 CMHI2VN893SH,GEARVN,https://gearvn.com/products/laptop-gaming-gigabyte-a16-cmhi2vn893sh
Laptop gaming Gigabyte A16 CMHI2VN894SH,GEARVN,https://gearvn.com/products/laptop-gaming-gigabyte-a16-cmhi2vn894sh
Laptop gaming Gigabyte A16 CTHI3VN893SH,GEARVN,https://gearvn.com/products/laptop-gaming-gigabyte-a16-cthi3vn893sh
Laptop gaming Gigabyte A16 CVHI3MY893SH,GEARVN,https://gearvn.com/products/laptop-gaming-gigabyte-a16-cvhi3my893sh
Laptop gaming Gigabyte A16 GA63H 3THK3VN893SH,GEARVN,https://gearvn.com/products/laptop-gaming-gigabyte-a16-ga63h-3thk3vn893sh
Laptop gaming Gigabyte A16 GA63H 3VHK3VN893SH,GEARVN,https://gearvn.com/products/laptop-gaming-gigabyte-a16-ga63h-3vhk3vn893sh
Laptop Gigabyte AERO 16 XE5 73VN938AH,GEARVN,https://gearvn.com/products/laptop-gaming-gigabyte-aero-16-xe5-73vn938ah
Laptop gaming Gigabyte AERO X16 1VH93MY894AH,GEARVN,https://gearvn.com/products/laptop-gaming-gigabyte-aero-x16-1vh93my894ah
Laptop gaming Gigabyte AERO X16 1VH93VNC64AH,GEARVN,https://gearvn.com/products/laptop-gaming-gigabyte-aero-x16-1vh93vnc64ah
Laptop gaming Gigabyte AERO X16 1VH93VNC94AH,GEARVN,https://gearvn.com/products/laptop-gaming-gigabyte-aero-x16-1vh93vnc94ah
Laptop gaming Gigabyte AERO X16 1VH93VNC94DH,GEARVN,https://gearvn.com/products/laptop-gaming-gigabyte-aero-x16-1vh93vnc94dh
Laptop gaming Gigabyte AORUS 16X 9KG 43VNC54SH,GEARVN,https://gearvn.com/products/laptop-gaming-gigabyte-aorus-16x-9kg-43vnc54sh
Laptop gaming Gigabyte AORUS 16X AKG 53VNC94SH,GEARVN,https://gearvn.com/products/laptop-gaming-gigabyte-aorus-16x-akg-53vnc94sh
Laptop gaming Gigabyte AORUS 16X ASG 53VNC54SH,GEARVN,https://gearvn.com/products/laptop-gaming-gigabyte-aorus-16x-asg-53vnc54sh
Laptop gaming Gigabyte AORUS 16X ASG 53VNC94SH,GEARVN,https://gearvn.com/products/laptop-gaming-gigabyte-aorus-16x-asg-53vnc94sh
Laptop gaming Gigabyte Aorus Master 16 BYH C5VNE64SH,GEARVN,https://gearvn.com/products/laptop-gaming-gigabyte-aorus-master-16-byh-c5vne64sh
Laptop gaming Gigabyte G5 MF5 H2VN353KH,GEARVN,https://gearvn.com/products/laptop-gaming-gigabyte-g5-mf5-h2vn353kh
Laptop gaming Gigabyte G6 MF 72VN854KH,GEARVN,https://gearvn.com/products/laptop-gaming-gigabyte-g6-mf-72vn854kh
Laptop gaming Gigabyte Gaming A16 CTHH3VN893SH,GEARVN,https://gearvn.com/products/laptop-gaming-gigabyte-gaming-a16-cthh3vn893sh
Laptop gaming HP OMEN 16-am0127TX BX8Y0PA,GEARVN,https://gearvn.com/products/laptop-gaming-hp-omen-16-am0127tx-bx8y0pa
Laptop gaming HP OMEN 16-am0178TX BX8Y4PA,GEARVN,https://gearvn.com/products/laptop-gaming-hp-omen-16-am0178tx-bx8y4pa
Laptop gaming HP OMEN 16-am0180TX BX8Y6PA,GEARVN,https://gearvn.com/products/laptop-gaming-hp-omen-16-am0180tx-bx8y6pa
Laptop gaming HP OMEN 16 wf0129TX 8W943PA,GEARVN,https://gearvn.com/products/laptop-gaming-hp-omen-16-wf0129tx-8w943pa
Laptop gaming HP VICTUS 15-fa2731TX B85LNPA,GEARVN,https://gearvn.com/products/laptop-gaming-hp-victus-15-fa2731tx-b85lnpa
Laptop gaming HP VICTUS 15 fb3115AX BX9C9PA,GEARVN,https://gearvn.com/products/laptop-gaming-hp-victus-15-fb3115ax-bx9c9pa
Laptop gaming HP VICTUS 15 fb3116AX BX8U4PA,GEARVN,https://gearvn.com/products/laptop-gaming-hp-victus-15-fb3116ax-bx8u4pa
Laptop gaming HP VICTUS 16-r0127TX 8C5N2PA,GEARVN,https://gearvn.com/products/laptop-gaming-hp-victus-16-r0127tx-8c5n2pa
Laptop gaming HP Victus 16 r0215TX 9Q9B8PA,GEARVN,https://gearvn.com/products/laptop-gaming-hp-victus-16-r0215tx-9q9b8pa
Laptop gaming HP VICTUS 16-r0226TX 9Q977PA,GEARVN,https://gearvn.com/products/laptop-gaming-hp-victus-16-r0226tx-9q977pa
Laptop gaming HP Victus 16-r0369TX AY8Y2PA,GEARVN,https://gearvn.com/products/laptop-gaming-hp-victus-16-r0369tx-ay8y2pa
Laptop gaming HP Victus 16 s0142AX 9Q989PA,GEARVN,https://gearvn.com/products/laptop-gaming-hp-victus-16-s0142ax-9q989pa
Laptop gaming HP Victus 16-s1149AX AZ0D4PA,GEARVN,https://gearvn.com/products/laptop-gaming-hp-victus-16-s1149ax-az0d4pa
Laptop gaming Lenovo Legion 5 15AHP10 83M0002XVN,GEARVN,https://gearvn.com/products/laptop-gaming-lenovo-legion-5-15ahp10-83m0002xvn
Laptop gaming Lenovo Legion 5 15AHP10 83M0002YVN,GEARVN,https://gearvn.com/products/laptop-gaming-lenovo-legion-5-15ahp10-83m0002yvn
Laptop gaming Lenovo Legion 5 15AHP10 83M00030VN,GEARVN,https://gearvn.com/products/laptop-gaming-lenovo-legion-5-15ahp10-83m00030vn
Laptop gaming Lenovo Legion 5 15IRX10 83LY004GVN,GEARVN,https://gearvn.com/products/laptop-gaming-lenovo-legion-5-15irx10-83ly004gvn
Laptop gaming Lenovo Legion 5 15IRX10 83LY00A7VN,GEARVN,https://gearvn.com/products/laptop-gaming-lenovo-legion-5-15irx10-83ly00a7vn
Laptop gaming Lenovo Legion 5 15IRX10 83LY00HQVN,GEARVN,https://gearvn.com/products/laptop-gaming-lenovo-legion-5-15irx10-83ly00hqvn
Laptop gaming Lenovo Legion 5 15IRX10 83LY00HRVN,GEARVN,https://gearvn.com/products/laptop-gaming-lenovo-legion-5-15irx10-83ly00hrvn
Laptop gaming Lenovo Legion 5 15IRX10 83LY00HWVN,GEARVN,https://gearvn.com/products/laptop-gaming-lenovo-legion-5-15irx10-83ly00hwvn
Laptop gaming Lenovo Legion Pro 5 16IAX10 83F3002GVN,GEARVN,https://gearvn.com/products/laptop-gaming-lenovo-legion-pro-5-16iax10-83f3002gvn
Laptop gaming Lenovo Legion Pro 7 16IAX10H 83F5008VVN,GEARVN,https://gearvn.com/products/laptop-gaming-lenovo-legion-pro-7-16iax10h-83f5008vvn
Laptop gaming Lenovo Legion Pro 7 16IAX10H 83F5008WVN,GEARVN,https://gearvn.com/products/laptop-gaming-lenovo-legion-pro-7-16iax10h-83f5008wvn
Laptop gaming Lenovo Legion Pro 7 16IAX10H 83F500JGVN,GEARVN,https://gearvn.com/products/laptop-gaming-lenovo-legion-pro-7-16iax10h-83f500jgvn
Laptop gaming Lenovo Lenovo Legion 7 16IAX10 83KY001UVN,GEARVN,https://gearvn.com/products/laptop-gaming-lenovo-lenovo-legion-7-16iax10-83ky001uvn
Laptop gaming Lenovo Legion 7 16IAX10 83KY001VVN,GEARVN,https://gearvn.com/products/laptop-gaming-lenovo-lenovo-legion-7-16iax10-83ky001vvn
Laptop gaming Lenovo LOQ 15AHP10 83JG0047VN,GEARVN,https://gearvn.com/products/laptop-gaming-lenovo-loq-15ahp10-83jg0047vn
Laptop gaming Lenovo LOQ 15ARP10E 83S0004FVN,GEARVN,https://gearvn.com/products/laptop-gaming-lenovo-loq-15arp10e-83s0004fvn
Laptop gaming Lenovo LOQ 15ARP9 83JC00LVVN,GEARVN,https://gearvn.com/products/laptop-gaming-lenovo-loq-15arp9-83jc00lvvn
Laptop gaming Lenovo LOQ 15ARP9 83JC00M3VN,GEARVN,https://gearvn.com/products/laptop-gaming-lenovo-loq-15arp9-83jc00m3vn
Laptop gaming Lenovo LOQ 15IAX9E 83LK0079VN,GEARVN,https://gearvn.com/products/laptop-gaming-lenovo-loq-15iax9e-83lk0079vn
Laptop gaming Lenovo LOQ 15IRX10 83JE00PEVN,GEARVN,https://gearvn.com/products/laptop-gaming-lenovo-loq-15irx10-83je00pevn
Laptop gaming Lenovo LOQ 15IRX10 83JE01AGVN,GEARVN,https://gearvn.com/products/laptop-gaming-lenovo-loq-15irx10-83je01agvn
Laptop gaming Lenovo LOQ 15IRX9 83DV013PVN,GEARVN,https://gearvn.com/products/laptop-gaming-lenovo-loq-15irx9-83dv013pvn
Laptop gaming Lenovo LOQ 15IRX9 83DV01ALVN,GEARVN,https://gearvn.com/products/laptop-gaming-lenovo-loq-15irx9-83dv01alvn
Laptop gaming Lenovo LOQ Essential 15ARP10E 83S0000DVN,GEARVN,https://gearvn.com/products/laptop-gaming-lenovo-loq-essential-15arp10e-83s0000dvn
Laptop gaming Lenovo LOQ Essential 15IRX11 83SC003RVN,GEARVN,https://gearvn.com/products/laptop-gaming-lenovo-loq-essential-15irx11-83sc003rvn
Laptop gaming MSI Crosshair 16 HX AI D2XWFKG 035VN,GEARVN,https://gearvn.com/products/laptop-gaming-msi-crosshair-16-hx-ai-d2xwfkg-035vn
Laptop gaming MSI Crosshair 16 HX AI D2XWFKG 036VN,GEARVN,https://gearvn.com/products/laptop-gaming-msi-crosshair-16-hx-ai-d2xwfkg-036vn
Laptop gaming MSI Crosshair 16 HX AI D2XWFKG 070VN,GEARVN,https://gearvn.com/products/laptop-gaming-msi-crosshair-16-hx-ai-d2xwfkg-070vn
Laptop gaming MSI Crosshair 16 HX AI D2XWFKG 078VN,GEARVN,https://gearvn.com/products/laptop-gaming-msi-crosshair-16-hx-ai-d2xwfkg-078vn
Laptop gaming MSI Crosshair 16 HX AI D2XWGKG 034VN,GEARVN,https://gearvn.com/products/laptop-gaming-msi-crosshair-16-hx-ai-d2xwgkg-034vn
Laptop gaming MSI Crosshair 16 HX AI D2XWGKG 071VN,GEARVN,https://gearvn.com/products/laptop-gaming-msi-crosshair-16-hx-ai-d2xwgkg-071vn
Laptop gaming MSI Crosshair 16 HX AI D2XWGKG 072VN,GEARVN,https://gearvn.com/products/laptop-gaming-msi-crosshair-16-hx-ai-d2xwgkg-072vn
Laptop gaming MSI Cyborg 14 A13VE 090VN,GEARVN,https://gearvn.com/products/laptop-gaming-msi-cyborg-14-a13ve-090vn
Laptop gaming MSI Cyborg 15 A13UC 2082VN,GEARVN,https://gearvn.com/products/laptop-gaming-msi-cyborg-15-a13uc-2082vn
Laptop gaming MSI Cyborg 15 A13UC 2088VN,GEARVN,https://gearvn.com/products/laptop-gaming-msi-cyborg-15-a13uc-2088vn
Laptop gaming MSI Cyborg 15 A13VE 2410VN - Black Edition,GEARVN,https://gearvn.com/products/laptop-gaming-msi-cyborg-15-a13ve-2410vn-black-edition
Laptop gaming MSI Cyborg 15 A13VEK 2089VN,GEARVN,https://gearvn.com/products/laptop-gaming-msi-cyborg-15-a13vek-2089vn
Laptop gaming MSI Cyborg 15 AI A1VE 053VN,GEARVN,https://gearvn.com/products/laptop-gaming-msi-cyborg-15-ai-a1ve-053vn
Laptop gaming MSI Cyborg 15 AI A1VEK 245VN,GEARVN,https://gearvn.com/products/laptop-gaming-msi-cyborg-15-ai-a1vek-245vn
Laptop gaming MSI Cyborg 15 B2RWFKG 047VN,GEARVN,https://gearvn.com/products/laptop-gaming-msi-cyborg-15-b2rwfkg-047vn
Laptop gaming MSI Cyborg 15 B2RWFKG 048VN,GEARVN,https://gearvn.com/products/laptop-gaming-msi-cyborg-15-b2rwfkg-048vn
Laptop gaming MSI GF63 12UCX 841VN,GEARVN,https://gearvn.com/products/laptop-gaming-msi-gf63-12ucx-841vn
Laptop gaming MSI Katana 15 B13UDXK 2213VN,GEARVN,https://gearvn.com/products/laptop-gaming-msi-katana-15-b13udxk-2213vn
Laptop gaming MSI Katana 15 B13UDXK 2410VN,GEARVN,https://gearvn.com/products/laptop-gaming-msi-katana-15-b13udxk-2410vn
Laptop gaming MSI Katana 15 B13VEK 2415VN,GEARVN,https://gearvn.com/products/laptop-gaming-msi-katana-15-b13vek-2415vn
Laptop gaming MSI Katana 15 B13VEK-2440VN,GEARVN,https://gearvn.com/products/laptop-gaming-msi-katana-15-b13vek-2440vn
Laptop gaming MSI Katana 15 B13VGK 1211VN,GEARVN,https://gearvn.com/products/laptop-gaming-msi-katana-15-b13vgk-1211vn
Laptop gaming MSI Katana 15 HX B14WEK 027VN,GEARVN,https://gearvn.com/products/laptop-gaming-msi-katana-15-hx-b14wek-027vn
Laptop gaming MSI Katana 15 HX B14WEK 295VN,GEARVN,https://gearvn.com/products/laptop-gaming-msi-katana-15-hx-b14wek-295vn
Laptop gaming MSI Katana 15 HX B14WFK 025VN,GEARVN,https://gearvn.com/products/laptop-gaming-msi-katana-15-hx-b14wfk-025vn
Laptop gaming MSI Katana 15 HX B14WFK 267VN,GEARVN,https://gearvn.com/products/laptop-gaming-msi-katana-15-hx-b14wfk-267vn
Laptop gaming MSI Katana 15 HX B14WFK 286VN,GEARVN,https://gearvn.com/products/laptop-gaming-msi-katana-15-hx-b14wfk-286vn
Laptop gaming MSI Katana 15 HX B14WFK 294VN,GEARVN,https://gearvn.com/products/laptop-gaming-msi-katana-15-hx-b14wfk-294vn
Laptop gaming MSI Katana 15 HX B14WGK 022VN,GEARVN,https://gearvn.com/products/laptop-gaming-msi-katana-15-hx-b14wgk-022vn
Laptop gaming MSI Katana 15 HX B14WGK 023VN,GEARVN,https://gearvn.com/products/laptop-gaming-msi-katana-15-hx-b14wgk-023vn
Laptop gaming MSI Katana A15 AI B8VE 402VN,GEARVN,https://gearvn.com/products/laptop-gaming-msi-katana-a15-ai-b8ve-402vn
Laptop gaming MSI Katana A15 AI B8VG 465VN (20th Edition),GEARVN,https://gearvn.com/products/laptop-gaming-msi-katana-a15-ai-b8vg-465vn-20th-edition
Laptop gaming MSI Raider 18 HX AI A2XWIG 033VN,GEARVN,https://gearvn.com/products/laptop-gaming-msi-raider-18-hx-ai-a2xwig-033vn
Laptop gaming MSI Raider 18 HX AI A2XWJG 692VN,GEARVN,https://gearvn.com/products/laptop-gaming-msi-raider-18-hx-ai-a2xwjg-692vn
