Product Name,URL
[New 100%] Laptop Dell 15 DC15250 5315BLK - Intel Core i5 1334U | 512GB | 15.6 Inch Full HD,https://laptop88.vn/new-100-laptop-dell-15-dc15250-5315blk-intel-core-i5-1334u-512gb-156-inch-full-hd
[New 100%] Laptop HP Victus 15 fb3116AX BX8U4PA - AMD Ryzen 7 7445HS | RTX 3050 |  15.6 Inch Full HD 144Hz,https://laptop88.vn/new-100-laptop-hp-victus-15-fa0033dx-9t9r8ua-intel-core-i5-12450h-rtx-3050.html
[New 100%] Laptop Lenovo IdeaPad Slim 3 16ARP10 83K80016VN - AMD Ryzen 5 7535HS | 16GB | 512GB | 16 Inch WUXGA,https://laptop88.vn/new-100-laptop-lenovo-ideapad-slim-3-16arp10-83k80016vn-amd-ryzen-5-7535hs-16gb-512gb-16-inch-wuxga
[New 100%] Laptop Dell 15 DC15255 G8MK9 - AMD Ryzen 7-7730U | RAM 16GB | SSD 512GB | 15.6 Inch Full HD Touch,https://laptop88.vn/new-100-laptop-dell-15-dc15255-g8mk9-amd-ryzen-7-7730u-ram-16gb-ssd-512gb-156-inch-full-hd-touch
[New 100%] Laptop Lenovo LOQ Essential 15IAX9E  83LK0079VN - Intel i5-12450HX | RAM 16GB | SSD 512GB | RTX™ 3050 | 15.6 inch Full HD 144Hz 100% sRGB,https://laptop88.vn/new-100-laptop-lenovo-loq-essential-15iax9e-83lk0036vn-intel-i5-12450hx-ram-12gb-ssd-512gb-rtx-3050-156-inch-full-hd-144hz-100-srgb
[New 100%] Laptop Lenovo IdeaPad Slim 3 15IRH8 83EM00H6IN - Intel Core i7-13620H | 16GB | 15 inch Full HD,https://laptop88.vn/new-100-laptop-lenovo-ideapad-slim-3-15irh8-83em00h6in-intel-core-i7-13620h-16gb-15-inch-full-hd
[New 100%] Laptop Lenovo LOQ 15ARP9-83JC00GKUS - Ryzen 5 7235HS | 12GB DDR5 | RTX4050 | 15.6 inch Full HD 144Hz 100% sRGB,https://laptop88.vn/new-100-laptop-lenovo-loq-15arp9-83jc007kus-amd-r7-7435hs-16gb-ddr5-rtx-4050-15-6-inch-full-hd-144hz-100-srgb
[New 100%] Laptop Lenovo IdeaPad Slim 3 15IRH10 83K1000GVN - Intel Core i5 13420H | 24GB | 512GB |  15.3 Inch WUXGA,https://laptop88.vn/new-100-laptop-lenovo-ideapad-slim-3-15irh10-83k1000gvn-intel-core-i5-13420h-24gb-512gb-153-inch-wuxga
[New 100%] Laptop Gaming Asus TUF F16 FX607VJB-RL151W - Intel Core 5 210H | RTX 3050 | 16 Inch 144Hz,https://laptop88.vn/new-100-laptop-gaming-asus-tuf-f16-fx607vjb-rl151w-intel-core-5-210h-rtx-3050-16-inch-144hz
[New 100%] Laptop Dell Inspiron 14 Plus 7440 / 7440F 1605L - Intel Core 5 210H | 16GB | 512GB | 14 inch Full HD+,https://laptop88.vn/new-100-laptop-dell-inspiron-14-plus-7440a-r1605l-intel-core-i5-12450h-16gb-14-inch-full-hd
[New 100%] Laptop HP Victus 15-fb3115AX BX9C9PA - AMD Ryzen 7 7445HS | RTX 4050 |  15.6 Inch Full HD 144Hz,https://laptop88.vn/new-100-laptop-hp-victus-15-fb3115ax-bx9c9pa-amd-ryzen-7-7445hs-rtx-4050-156-inch-full-hd-144hz
[New 100%] Laptop HP 15-fd1289TU C2CV8PA - Ultra 7 155H | 16GB | SSD 512GB | 15.6 Full HD,https://laptop88.vn/new-100-laptop-hp-15-fd1289tu-c2cv8pa-ultra-7-155h-16gb-ssd-512gb-156-full-hd
[New 100%] Laptop Asus ExpertBook P1403CVA-C5H08/C5H16-50W - Intel Core 5-210H | SSD 512GB | 14 inch Full HD,https://laptop88.vn/new-100-laptop-asus-expertbook-p1403cva-c5h08-50w-core-5-210h-ram-8gb-ssd-512gb-14-inch-full-hd
[New 100%] Laptop ASUS TUF Gaming A15 FA506NCG-HN184W  - AMD R7-7445HS | 16GB DDR5 | RTX 3050 | 15.6 Full HD 144Hz,https://laptop88.vn/new-100-laptop-asus-tuf-gaming-a15-fa506ncr-hn097w-amd-r7-7435hs-16gb-ddr5-rtx-3050-156-full-hd-144hz
[New 100%] Laptop Lenovo IdeaPad Slim 3 15IRH10 83K1000JVN - Intel Core i7 13620H | 15.3 Inch WUXGA,https://laptop88.vn/new-100-laptop-lenovo-ideapad-slim-3-15irh10-83k1000jvn-intel-core-i7-13620h-153-inch-wuxga
[New 100%] Laptop Lenovo LOQ Essential 15ARP10E 83S0000DVN - Ryzen 5 7535HS | RTX 3050 6GB | 15.6 inch Full HD 144Hz 100% sRGB,https://laptop88.vn/new-100-laptop-lenovo-loq-essential-15arp10e-83s0000dvn-ryzen-5-7535hs-rtx-3050-6gb-156-inch-full-hd-144hz-100-srgb
[New 100%] MSI Cyborg 15 A13UC-2088VN - Intel Core i5 13420H | RTX 3050 4GB | 15.6 FHD IPS 144Hz,https://laptop88.vn/new-100-msi-cyborg-15-a12uc-621vn-intel-core-i5-12450h-vga-rtx-3050-4gb-15.6-fhd-ips-144hz.html
[New 100%] Laptop Dell Vostro 15 3530 P112F010 - Intel Core i3-1305U | SSD 512GB | 15 inch Full HD,https://laptop88.vn/new-100-laptop-dell-vostro-15-3530-p112f010-intel-core-i3-1305u-ssd-512gb-15-inch-full-hd
[New 100%] Laptop Lenovo IdeaPad Slim 5 14IMH10 83V6001GVN - Intel Core Ultra 5 135H | 16GB | 512GB | 14 Inch WUXGA OLED 100% DCI-P3,https://laptop88.vn/new-100-laptop-lenovo-ideapad-slim-5-14imh10-83v6001gvn-intel-core-ultra-5-135h-16gb-512gb-14-inch-wuxga-oled-100-dci-p3
[New 100%] Laptop Dell Pro PV 15250 Essential - Intel Core 3 100U | SSD 512GB | 15.6 Inch 120Hz Full HD,https://laptop88.vn/new-100-laptop-dell-pro-pv-15250-essential-intel-core-3-100u-ssd-512gb-156-inch-120hz-full-hd
[New 100%] Laptop Lenovo Yoga Slim 7 14IMH9 83CV00D8VN - Intel Ultra 5 125H | 16GB | 1TB  | 14 Inch OLED,https://laptop88.vn/new-100-laptop-lenovo-yoga-slim-7-14imh9-83cv00ahvn-intel-ultra-5-125h-16gb-1tb-14-inch-oled
[New 100%] Laptop Acer Aspire Lite 15 AL15-48P-R5MN NX.DS1SV.001 - AMD Ryzen 5 5625U | 15.6 Inch Full HD,https://laptop88.vn/new-100-laptop-acer-aspire-lite-15-al15-48p-r5mn-nxds1sv001-amd-ryzen-5-5625u-156-inch-full-hd
[New 100%] Macbook Neo 2026 -  Chip A18 Pro - 6 core CPU | 5 core GPU | RAM 8GB | SSD 256GB |13 Inch Liquid Retina,https://laptop88.vn/new-100-macbook-neo-2026-chip-a18-pro-6-core-cpu-5-core-gpu-ram-8gb-ssd-256gb-13-inch-liquid-retina
[New 100%] Laptop Dell Pro 15 Essential PV15255 - AMD Ryzen 5-7520U | SSD 512GB | 15.6 Inch 120Hz Full HD,https://laptop88.vn/new-100-laptop-dell-pro-15-essential-pv15255-amd-ryzen-5-7520u-ssd-512gb-156-inch-120hz-full-hd
[New 100%] Lenovo Legion 5 15IRX10 83LY00HRVN - Intel Core i7-13650HX | RTX 5050 | 15.3 Inch WUXGA 165Hz,https://laptop88.vn/new-100-lenovo-legion-5-15irx10-83ly00hrvn-intel-core-i7-13650hx-rtx-5050-153-inch-oled-wuxga-165hz
[New 100%] Laptop Lenovo Ideapad Slim 5 14AKP10 83HX00ABVN - Ryzen AI 5 330 | 16GB | 512GB | 14 Inch WUXGA OLED 100%DCI-P3,https://laptop88.vn/new-100-laptop-lenovo-ideapad-slim-5-14akp10-83hx00abvn-ryzen-ai-5-330-16gb-512gb-14-inch-wuxga
[New 100%] Laptop Acer Aspire Go 15 AG15-72P-54GY - Intel Core 5-120U | 16GB | SSD 512GB | 15.6 inch Full HD,https://laptop88.vn/new-100-laptop-acer-aspire-go-15-ag15-72p-54gy-intel-core-5-120u-16gb-ssd-512gb-15-6-inch-full-hd
[New 100%] Laptop Gaming Acer Nitro V ANV15-41-R732 NH.QPESV.005 -  Ryzen 5-6600H | 16GB | 512GB | RTX 4050 | 15.6 Inch Full HD 165Hz,https://laptop88.vn/new-100-laptop-gaming-acer-nitro-v-anv15-41-r732-nhqpesv005-ryzen-5-6600h-16gb-512gb-rtx-4050-156-inch-full-hd-165hz
[New 100%] Macbook Air M5 - 10 Core CPU | 8 Core GPU | RAM 16GB | SSD 512GB |13.6 Inch Liquid Retina,https://laptop88.vn/new-100-macbook-air-m5-10-core-cpu-8-core-gpu-ram-16gb-ssd-512gb-136-inch-liquid-retina
[New 100%] Laptop Gaming Acer Nitro ProPanel  ANV15-41-R9M1 - AMD Ryzen 5-7535HS | RTX 3050 | 15.6 Inch 180Hz 100%sRGB,https://laptop88.vn/new-100-laptop-gaming-acer-nitro-v-propanel-anv15-41-r9m1-amd-ryzen-5-7535hs-rtx-3050-156-inch-180hz-100srgb
[New 100%] Laptop Asus Vivobook 15 X1502VA-BQ885W - Intel Core i5-13420H,https://laptop88.vn/new-100-laptop-asus-vivobook-15-x1502va-bq885w-intel-core-i5-13420h
[New 100%] Laptop Lenovo LOQ Essential 15IAX9E 83LK00CVUS - Intel i5-12450HX | RAM 16GB | SSD 512GB | RTX™ 3050 | 15.6 inch Full HD 144Hz 100% sRGB,https://laptop88.vn/new-100-laptop-lenovo-loq-essential-15iax9e-83lk00cvus-intel-i5-12450hx-ram-16gb-ssd-512gb-rtx-3050-156-inch-full-hd-144hz-100-srgb
[New 100%] Acer Gaming Nitro Lite 16 NL16-71G-71UJ NH.D59SV.002 - Intel Core i7 13620H | RTX 3050 | 16 inch FHD+ 165Hz,https://laptop88.vn/new-100-acer-gaming-nitro-lite-16-nl16-71g-71uj-nh-d59sv-002-intel-core-i7-13620h-rtx-3050-16-inch-fhd-165hz
[New 100%] Laptop Lenovo LOQ 15ARP9 83JC00LVVN - AMD Ryzen 5 - 7235HS | RTX 3050 6GB | 15.6 inch Full HD 100% sRGB 144Hz,https://laptop88.vn/new-100-laptop-lenovo-loq-15arp9-83jc0000us-amd-ryzen-7-7435hs-rtx-4060-16gb-15.6-inch-full-hd-100-srgb-144hz.html
[New 100%] Laptop HP VICTUS 15-fa2451TX D17WPPA - i5-13420H | RTX 4050 | 15.6 Inch Full HD 144Hz,https://laptop88.vn/new-100-laptop-hp-victus-15-fa2451tx-d17wppa-i5-13420h-rtx-4050-156-inch-full-hd-144hz
[New 100%] Laptop Dell 14 DC14250 DC4C5386W - Intel® Core™ 5-120U | 16GB DDR5 | 14 Inch Full HD+,https://laptop88.vn/new-100-laptop-dell-14-dc14250-dc4c5386w-intel-core-5-120u-16gb-ddr5-14-inch-full-hd
[New 100%] Laptop Asus ExpertBook P3 P3405CVA-NZ0027W - Intel i5 13420H | 14 inch WQXGA,https://laptop88.vn/new-100-laptop-asus-expertbook-p3-p3405cva-nz0027w-intel-ultra-5-226v-14-inch-wqxga
[New 100%] Laptop Dell Inspiron 5440 - Intel Core 3 100U | SSD 512GB  | 14 Inch Full HD+,https://laptop88.vn/new-100-laptop-dell-inspiron-5440-intel-core-3-100u-ssd-512gb-14-inch-full-hd
[New 100%] Laptop Asus ExpertBook P1 P1403CVA-i508-50W - Intel Core i5-13420H | 14 inch Full HD,https://laptop88.vn/new-100-laptop-asus-expertbook-p1-p1403cva-i508-50w-intel-core-i5-13420h-14-inch-full-hd
[New 100%] Laptop HP Victus 15 - FA2731TX B85LNPA - Intel Core i5-13420H | RTX 3050 6GB | 15.6 Inch Full HD 144Hz,https://laptop88.vn/new-100-laptop-hp-victus-15-fa1093dx-7n3s2ua-intel-core-i5-13420h-rtx-3050-6gb-15.6-inch-full-hd-144hz.html
[New 100%] Laptop Acer Aspire Lite 14 AL14-71P-55P9 NX.D7USV.001 - Intel Core i5 13500H | 16GB RAM | 14 Inch Full HD+,https://laptop88.vn/new-100-laptop-acer-aspire-lite-14-al14-71p-55p9-nxd7usv001-intel-core-i5-13500h-16gb-ram-14-inch-full-hd
[New 100%] Laptop Lenovo IdeaPad Slim 3 16IRH10 83K20001VN / 83K20004VN - Intel Core i7-13620H | 16 inch Full HD+,https://laptop88.vn/new-100-laptop-lenovo-ideapad-slim-3-16irh10-intel-core-i7-13620h-16gb-16-inch-full-hd
[New 100%] Laptop Acer Aspire Lite 15 AL15-42P-R8E6 NX.D34SV.001 - AMD Ryzen 5 7430U | 16GB | 15.6 Inch Full HD,https://laptop88.vn/new-100-laptop-acer-aspire-lite-15-al15-42p-r8e6-nxd34sv001-amd-ryzen-5-7430u-16gb-156-inch-full-hd
[New 100%] Laptop Lenovo ThinkPad X13 Gen 5 21LVS62000 -  Ultra 5 125U | 16GB | 512GB | 13 Inch WUXGA,https://laptop88.vn/new-100-laptop-lenovo-thinkpad-x13-gen-5-ultra-5-125u-16gb-512gb-13-inch-wuxga
[New 100%] Laptop Lenovo ThinkBook 14 Gen 8 IRL 21SG007MVA - Intel Core 5 210H | 16GB | 512GB | 14 Inch WUXGA,https://laptop88.vn/new-100-laptop-lenovo-thinkbook-14-gen-8-irl-21sg007mva-intel-core-5-210h-16gb-512gb-14-inch-wuxga
[New 100%] Asus Gaming Vivobook 16X K3605VC-RP521W - Intel Core i5 13420H | RTX 3050 | 16 Inch Full HD+ |,https://laptop88.vn/new-100-asus-gaming-vivobook-16x-k3605vc-rp521w-intel-core-i5-13420h-16-inch-full-hd
[New 100%] Laptop Asus ExpertBook BM1 BM1403CDA-S61611W  - AMD Ryzen 5 150 | RAM 16GB | 14 Inch Full HD,https://laptop88.vn/new-100-laptop-asus-expertbook-bm1-bm1403cda-s60974w-ryzen-5-7535hs-14-inch-full-hd
[New 100%] Macbook Neo 2026 -  Chip A18 Pro - 6 core CPU | 5 core GPU | RAM 8GB | SSD 512GB |13 Inch Liquid Retina,https://laptop88.vn/new-100-macbook-neo-2026-chip-a18-pro-6-core-cpu-5-core-gpu-ram-8gb-ssd-512gb-13-inch-liquid-retina
[New 100%] Laptop Asus Vivobook S14 S3407VA-LY146W - Intel Core 5 210H | 14 Inch WUXGA,https://laptop88.vn/new-100-laptop-asus-vivobook-s14-s3407va-ly146w-intel-core-5-210h-14-inch-wuxga
"[New 100%] Laptop Lenovo IdeaPad Slim 5 14AKP10 83HX001JVN Ryzen AI 7 350 | 32GB | 1TB | AMD Radeon 860M | 14"" OLED",https://laptop88.vn/new-100-laptop-lenovo-ideapad-slim-5-14akp10-83hx001jvn-ryzen-ai-7-350-32gb-1tb-amd-radeon-860m-14-oled
[New 100%] Laptop Gaming Asus TUF F16 FX607VU-RL045W - Intel Core 5 210H | RTX 4050 | 16 Inch 144Hz,https://laptop88.vn/new-100-laptop-gaming-asus-tuf-f16-fx607vu-rl045w-intel-core-5-210h-rtx-4050-16-inch-144hz
[New 100%] Laptop Acer Aspire Lite 15 AL15-42P-R08M NX.D3QSV.001 - AMD Ryzen 7 7730U | 16GB | 15.6 Inch Full HD,https://laptop88.vn/new-100-laptop-acer-aspire-lite-15-al15-42p-r08m-nxd3qsv001-amd-ryzen-7-7730u-16gb-156-inch-full-hd
[New 100%] Laptop Gaming Gigabyte A16 CMHH2VN893SH - Intel Core i5 13420H | RTX 4050 | 16 Inch 165Hz,https://laptop88.vn/new-100-laptop-gaming-gigabyte-a16-cmhh2vn893sh-intel-core-i5-13420h-rtx-4050-16-inch-165hz
[New 100%] Laptop Dell 15 DC15250 DC5I7952W1 2025 - Intel Core i7 1355U | 16GB | 512GB | 15.6 Inch Full HD 120Hz,https://laptop88.vn/new-100-laptop-dell-15-dc15250-dc5i7952w1-2025-intel-core-i7-1355u-16gb-512gb-156-inch-full-hd-120hz
[New 100%] Laptop Asus ExpertBook P1 P1403CVA-I516-63WS - Intel Core i5-13420H | 16GB DDR5 | 14 inch Full HD,https://laptop88.vn/new-100-laptop-asus-expertbook-p1-p1403cva-i516-63ws-intel-core-i5-13420h-16gb-ddr5-14-inch-full-hd
[New 100%] Laptop Lenovo LOQ 15IRX9 83DV01ALVN - Intel i7 13650HX | 16GB | 512GB | RTX 4050,https://laptop88.vn/new-100-laptop-lenovo-loq-15irx9-83dv01alvn-intel-i7-13650hx-16gb-512gb-rtx-4050
[New 100%] Laptop Asus ExpertBook P1 P1403CVA-i716-50W - Intel Core i7-13620H | 14 inch Full HD,https://laptop88.vn/new-100-laptop-asus-expertbook-p1-p1403cva-i716-50w-intel-core-i7-13620h-14-inch-full-hd
[New 100%] Laptop Lenovo Thinkbook 14 G9 IRL 21UY008XVN - Intel Core 5 210H | 16GB | 512GB |14inch WUXGA,https://laptop88.vn/new-100-laptop-lenovo-thinkbook-14-g9-irl-21uy008xvn-intel-core-5-210h-16gb-512gb-14inch-wuxga
[New 100%] Laptop Lenovo Thinkbook 14 G8 IRL-21SG007PVA - Intel Core 7-240H | 16GB | 14 Inch Full HD+,https://laptop88.vn/new-100-laptop-lenovo-thinkbook-14-g8-irl-21sg007pva-intel-core-7-240h-16gb-14-inch-full-hd
[New 100%] Laptop Lenovo V15 Gen 4 IRU 83A100RJVN - Intel Core i7-13620H | 15.6 Inch Full HD,https://laptop88.vn/new-100-laptop-lenovo-v15-gen-4-iru-83a100rjvn-intel-core-i7-13620h-156-inch-full-hd
"[New 100%] Laptop Lenovo LOQ 15AHP10 83JG0047VN - AMD Ryzen 7 250 | RTX 5050 | 15.6 Inch Full HD, 144Hz, 100%sRGB",https://laptop88.vn/new-100-laptop-lenovo-loq-15ahp10-83jg0047vn-amd-ryzen-7-250-rtx-5050-15-inch-full-hd-144hz-100-srgb
[New 100%] Laptop Lenovo IdeaPad 5 2-in-1 14IPH11 83UG0026VN - Ultra 5 322 | 16GB | 512GB | 14 Inch WUXGA Cảm Ứng | Win 11,https://laptop88.vn/new-100-laptop-lenovo-ideapad-slim-5-2-in-1-14iph11-83ug0026vn-ultra-5-322-16gb-512gb-14-inch-wuxga-cam-ung-win-11
[New 100%] Laptop Lenovo ThinkBook 16 G9 IRL 21US008DVA 2026 - Intel Core i5-13420H | 16GB | 512GB | 16 Inch WUXGA,https://laptop88.vn/new-100-laptop-lenovo-thinkbook-16-g9-irl-21us008dva-2026-intel-core-i5-13420h-16gb-512gb-16-inch-wuxga
[New 100%] Laptop Lenovo ThinkBook 16 G8 IRL 21SH0093VA - Intel Core 5 210H | 16GB | 512GB | 16 Inch WUXGA,https://laptop88.vn/new-100-laptop-lenovo-thinkbook-16-g8-irl-21sh0093va-intel-core-5-210h-16gb-512gb-16-inch-wuxga
[New 100%] Laptop Lenovo LOQ 15ARP9 83JC00M3VN - AMD Ryzen 5  7235HS | RTX 3050 | 15.6 inch Full HD 100% sRGB 144Hz,https://laptop88.vn/new-100-laptop-lenovo-loq-15arp9-83jc00lvvn-amd-ryzen-5-7235hs-rtx-3050-156-inch-full-hd-100-srgb-144hz
[New 100%] Laptop MSI Modern 15 H C2RMG 287VN -  Intel Core 7 240H | 16GB | 1TB | 15.6 Inch Full HD,https://laptop88.vn/new-100-laptop-msi-modern-15-h-c2rmg-287vn-intel-core-5-210h-16gb-1tb-156-inch-full-hd
[New 100%] Lenovo Legion 5 15AHP10 83M0002XVN - AMD Ryzen 7 260 | 24GB | RTX 5050 | 15 Inch OLED WQXGA 165Hz,https://laptop88.vn/new-100-lenovo-legion-5-15ahp10-83m0002xvn-amd-ryzen-7-260-24gb-rtx-5050-15-inch-oled-wqxga-165hz
[New 100%] Laptop Asus ExpertBook P1 P1503CVA-i516-63WS - Intel Core i5-13420H | 15.6 inch Full HD,https://laptop88.vn/new-100-laptop-asus-expertbook-p1-p1503cva-i516-63ws-intel-core-i5-13420h-15-inch-full-hd
[New 100%] Laptop Lenovo LOQ Essential 15ARP10E 83S0006QVN - Ryzen 7 7735HS | RAM 16GB | SSD 512GB | RTX 3050 | 15.6 inch Full HD 144Hz 100% sRGB,https://laptop88.vn/new-100-laptop-lenovo-loq-essential-15arp10e-83s0006qvn-ryzen-7-7735hs-ram-16gb-ssd-512gb-rtx-3050-156-inch-full-hd-144hz-100-srgb
[New 100%] Lenovo Legion 5 15AHP10 83M00030VN - AMD Ryzen 7 260 | RTX 5060 | 15 Inch OLED WQXGA 165Hz,https://laptop88.vn/new-100-lenovo-legion-5-15ahp10-83m00030vn-amd-ryzen-7-260-rtx-5060-15-inch-oled-wqxga-165hz
[New 100%] HP OMEN 16‑ap0121AX BX9M2PA - AMD Ryzen™ AI 7 350 | RTX 5060 | 16 Inch Full HD+ 165Hz 100%sRGB,https://laptop88.vn/new-100-hp-omen-16ap0121ax-bx9m2pa-amd-ryzen-ai-7-350-rtx-5060-16-inch-2k-165hz-100srgb
[New 100%] Acer Gaming Nitro Lite 16 NL16-71G-71FN NH.D5ASV.003 - Intel Core i7 13620H | RTX 4050 | 16 inch Full HD+ 180Hz,https://laptop88.vn/new-100-acer-gaming-nitro-lite-16-nl16-71g-71fn-nhd5asv003-intel-core-i7-13620h-rtx-4050-16-inch-full-hd-180hz
[New 100%] Laptop Gaming Gigabyte A16 CMHI2VN893SH - Intel Core i7 13620H | RTX 4050 | 16 Inch 165Hz,https://laptop88.vn/new-100-laptop-gaming-gigabyte-a16-cmhi2vn893sh-intel-core-i7-13620h-rtx-4050-16-inch-165hz
[New 100%] Laptop Gaming Asus TUF F16 FX607VJ-RL034W - Intel Core 5 210H | RTX 3050 | 16 Inch 144Hz,https://laptop88.vn/new-100-laptop-gaming-asus-tuf-f16-fx607vj-rl034w-intel-core-5-210h-rtx-3050-16-inch-144hz
[New 100%] Laptop Gaming Asus Rog Strix G16 G615JMR-S5155W - Intel i7 14650HX | 32GB | 1TB | RTX 5060 | 16 Inch 240Hz,https://laptop88.vn/new-100-laptop-gaming-asus-rog-strix-g16-g615jmr-s5155w-intel-i7-14650hx-32gb-1tb-rtx-5060-16-inch-240hz
[New 100%] Laptop MSI Modern 15 F13MG 667VN- Intel Core i5-1334U | 15.6 inch Full HD,https://laptop88.vn/new-100-laptop-msi-modern-15-f13mg-intel-core-i5-1334u-156-inch-full-hd
[New 100%] Laptop Asus ExpertBook P1 P1503CVA-i308256-63W - Intel Core i3-1315U | 15 inch Full HD,https://laptop88.vn/new-100-laptop-asus-expertbook-p1-p1503cva-i308256-63w-intel-core-i3-1315u-15-inch-full-hd
[New 100%] Laptop Asus TUF Gaming F16 FX608JH-RV039W - Intel i5 13450HX | RTX 5050 8GB | 16 Inch WUXGA 165Hz,https://laptop88.vn/new-100-laptop-asus-tuf-gaming-f16-fx608jh-rv039w-intel-i5-13450hx-rtx-5050-8gb-16-inch-wuxga-165hz
[New 100%] Laptop Lenovo IdeaPad Slim 5 OLED 15ARP10 83J3001DVN/83J3002SVN  - AMD Ryzen™ 7 7735HS | 15.1 inch 2K OLED 100% DCI-P3 165Hz,https://laptop88.vn/new-100-laptop-lenovo-ideapad-slim-5-oled-15arp10-83j3002svn-83j3001dvn-amd-ryzen-7-7735hs-15-1-inch-2k-oled-100-dci-p3-165hz
[New 100%] Laptop Acer Gaming Aspire 7 A715-59G-78WG - Intel Core i7-13620H | RAM 16GB | RTX 3050 6GB | 15.6 Inch Full HD 144Hz,https://laptop88.vn/new-100-laptop-acer-gaming-aspire-7-a715-59g-78wg-intel-core-i7-13620h-ram-16gb-rtx-3050-6gb-156-inch-full-hd-144hz
[New 100%] MSI Cyborg 15 A13UC-2082VN - Intel Core i7 13620H | RTX 3050 4GB | 15.6 FHD IPS 144Hz,https://laptop88.vn/new-100-msi-cyborg-15-a13uc-2082vn-intel-core-i7-13620h-rtx-3050-4gb-156-fhd-ips-144hz
[New 100%] Laptop Acer Aspire Lite 14 Gen 2 AL14-52M-32KV - Intel i3-1305U | 14 inch Full HD+,https://laptop88.vn/new-100-laptop-acer-aspire-lite-14-gen-2-al14-52m-32kv-intel-i3-1305u-14-inch-full-hd
[New 100%] Laptop Dell Pro 14 Essential PV14250-120U-08512U - Intel Core 5 120U | SSD 512GB | 14 Inch Full HD+,https://laptop88.vn/new-100-laptop-dell-pro-14-essential-pv14250-120u-08512u-intel-core-5-120u-ssd-512gb-14-inch-full-hd
[New 100%] Laptop Dell Pro 14 Essential PV14250-120U-16512U - Intel Core 5 120U | RAM 16GB | SSD 512GB | 14 Inch Full HD+,https://laptop88.vn/new-100-laptop-dell-pro-14-essential-pv14250-120u-16512u-intel-core-5-120u-ram-16gb-ssd-512gb-14-inch-full-hd
[New 100%] Laptop Dell Pro 14 Essential PV14250 150U - Intel Core 7 150U | RAM 16GB | SSD 1TB | 14 Inch Full HD+,https://laptop88.vn/new-100-laptop-dell-pro-14-essential-pv14250-intel-core-7-150u-ram-16gb-ssd-1tb-14-inch-full-hd
[New 100%] Laptop MSI Prestige 13 AI Evo A1MG 241VN - Ultra 5 125H | 16GB | 512GB | 13.3 Inch 2.8K OLED,https://laptop88.vn/new-100-laptop-msi-prestige-13-ai-evo-a1mg-241vn-ultra-5-125h-16gb-512gb-133-inch-28k-oled
[New 100%] Laptop ASUS Zenbook 14 UM3406GA-QD075WS -  Ryzen AI 7 445 | 16GB | 512GB | 14 inch WUXGA 60Hz,https://laptop88.vn/new-100-laptop-asus-zenbook-14-um3406ga-qd075ws-ryzen-ai-7-445-16gb-512gb-14-inch-wuxga-60hz
[New 100%] Laptop Lenovo Yoga Slim 7 14IMH9 83CV00DKVN - Intel Core Ultra 7 155H | 32GB | 1TB | 14 Inch WUXGA,https://laptop88.vn/new-100-laptop-lenovo-yoga-slim-7-14imh9-83cv001uvn-intel-core-ultra-7-155h-32gb-14-inch-wuxga
[New 100%] Laptop ASUS Zenbook 14 UX3405CA-ST628W -  Ultra 5 255H | 16GB | 512GB | 14 inch 3K 120Hz,https://laptop88.vn/new-100-laptop-asus-zenbook-14-ux3405ca-st628w-ultra-5-255h-16gb-512gb-14-inch-3k-120hz
[New 100%] Laptop Gaming Lenovo Legion 5 15IRX10 83LY004GVN - Intel Core i7 14700HX | 24GB | 1TB | RTX 5070 | 15 Inch WQXGA OLED,https://laptop88.vn/new-100-laptop-gaming-lenovo-legion-5-15ahp10-83ly004gvn-intel-core-i7-14700hx-24gb-1tb-rtx-5070-15-inch-wqxga-oled
[New 100%] Laptop Asus ExpertBook P1 P1403CVA-C3U08-50W - Intel Core 3 100U | SSD 512GB | 14 inch Full HD,https://laptop88.vn/new-100-laptop-asus-expertbook-p1-p1403cva-c3u08-50w-intel-core-3-100u-ssd-512gb-14-inch-full-hd
[New 100%] Laptop Lenovo IdeaPad Slim 3 14IRH10 83K00007VN/83K00009VN - Intel Core i7-13620H | 16GB/24GB | SSD 512GB | 14 inch Full HD+,https://laptop88.vn/new-100-laptop-lenovo-ideapad-slim-3-14irh10-83k00007vn-intel-core-i7-13620h-ssd-512gb-14-inch-full-hd
[New 100%] Laptop Asus Vivobook 14 M1405NAQ-LY010W - AMD Ryzen™ 5 150 | RAM 16GB | 14 Inch Full HD+,https://laptop88.vn/new-100-laptop-asus-vivobook-14-m1405naq-ly010w-amd-ryzen-5-150-ram-16gb-14-inch-full-hd
[New 100%] Laptop HP OmniBook X Flip 14-fm0088TU BZ7Q2PA - Ultra 5 226V | 16GB | 512GB | 14 Inch Full HD+,https://laptop88.vn/new-100-laptop-hp-omnibook-x-flip-14-fm0088tu-bz7q2pa-ultra-5-226v-16gb-512gb-14-inch-2k
[New 100%] Laptop Asus ExpertBook P5 P5405CSA-NZ0016W - Intel Ultra 5 226V | 14 inch WQXGA,https://laptop88.vn/new-100-laptop-asus-expertbook-p5-p5405csa-nz0016w-intel-ultra-5-14-inch-wqxga
[New 100%] Laptop MSI Katana 15 B13UDXK-2410VN - Intel Core i5-13420H | RTX 3050 6GB | 15.6 inch Full HD 144Hz,https://laptop88.vn/new-100-laptop-msi-katana-15-b13udxk-2410vn-intel-core-i5-13420h-rtx-3050-156-inch-full-hd-144hz
[New 100%] Laptop Asus Vivobook 15 X1502VA-BQ886W - Intel Core i7-13620H,https://laptop88.vn/new-100-laptop-asus-vivobook-15-x1502va-bq886w-intel-core-i7-13620h
[New 100%] Laptop Lenovo Yoga Slim 7 14ILL10 83JX0086VN - Intel Core Ultra 5 226V | 16GB | 512GB | 14 Inch 2.8K OLED,https://laptop88.vn/new-100-laptop-lenovo-yoga-slim-7-14ill10-83jx0086vn-intel-core-ultra-5-226v-16gb-512gb-14-inch-28k-oled
[New 100%] Lenovo IdeaPad Slim 5 14IRH10R 83J0006CVN 2025 - Intel Core 5 210H | 32GB | 14 inch Full HD+ OLED,https://laptop88.vn/new-100-lenovo-ideapad-slim-5-14irh10r-2025-intel-core-7-250h-32gb-14-inch-full-hd-oled
[New 100%] Laptop Asus Vivobook S14 S3407CA-SF913W - Ultra 5 225H | 16GB | 512GB | 14.0 Inch WUXGA | Win 11,https://laptop88.vn/new-100-laptop-asus-vivobook-s14-s3407ca-sf913w-ultra-5-225h-16gb-512gb-140-inch-wuxga-win-11
[New 100%] Laptop HP OmniBook 7 14-fs0043TU C1MN3PA - Intel Core 5 210H | 14 Inch Full HD+,https://laptop88.vn/new-100-laptop-hp-omnibook-7-14-fs0043tu-c1mn3pa-intel-core-5-210h-14-inch-2k
[New 100%] Laptop Asus Vivobook S14 S3407CA-LY095WS - Ultra 5-225H | 14.0 Inch WUXGA,https://laptop88.vn/new-100-laptop-asus-vivobook-s14-s3407ca-ly095ws-ultra-5-225h-14-0-inch-wuxga
[New 100%] Laptop ASUS Vivobook 15 X1504VA-BQ165W - Core 5 120U | 15.6 Inch FHD,https://laptop88.vn/new-100-laptop-asus-vivobook-15-x1504va-bq165w-core-5-120u-15-6-inch-fhd
[New 100%] Laptop Asus Vivobook 14 M1405NAQ-LY011W - AMD Ryzen™ 7 170 | RAM 16GB | 14 Inch Full HD+,https://laptop88.vn/new-100-laptop-asus-vivobook-14-m1405naq-ly011w-amd-ryzen-7-170-ram-16gb-14-inch-full-hd
[New 100%] Laptop Asus Vivobook S 14 OLED S5406SA-PP168WS - Intel Core Ultra 5 226V | 16GB | 14 Inch 3K OLED 100% DCI-P3,https://laptop88.vn/new-100-laptop-asus-vivobook-s-14-oled-s5406sa-pp168w-intel-core-ultra-5-226v-16gb-14-inch-3k-oled-100-dci-p3
[New 100%] MSI Cyborg 15 A13VEK-2089VN - Intel Core i7 13620H | RTX 4050 | 15.6 FHD IPS 144Hz,https://laptop88.vn/new-100-msi-cyborg-15-a13vek-2089vn-intel-core-i7-13620h-rtx-4050-156-fhd-ips-144hz
[New 100%] Lenovo IdeaPad Slim 5 14IRH10R 83J0006EVN 2025 - Intel Core 5 210H | 16GB | 14 inch Full HD+ OLED,https://laptop88.vn/new-100-lenovo-ideapad-slim-5-14irh10r-83j0006evn-2025-intel-core-5-210h-16gb-14-inch-full-hd-oled
[New 100%] Laptop Gaming Gigabyte A16 CTHH3VN893SH - Intel Core i5 13420H | RTX 5050 | 16 Inch 165Hz,https://laptop88.vn/new-100-laptop-gaming-gigabyte-a16-cthh3vn893sh-intel-core-i5-13420h-rtx-5050-16-inch-165hz
"[New 100%] Laptop MSI Katana 15 HX B14WEK 286VN - Intel Core i5 14450HX | RTX 5050 | 15.6 inch QHD 165Hz, 100% DCI-P3",https://laptop88.vn/new-100-laptop-msi-katana-15-hx-b14wfk-286vn-intel-core-i5-14450h-rtx-5050-156-inch-qhd-165hz
[New 100%] Laptop Dell 14 DC14250 C7U161W11SLU - Intel® Core™ 7-150U | 16GB DDR5 | SSD 1TB | 14 Inch Full HD+,https://laptop88.vn/new-100-laptop-dell-14-dc14250-c7u161w11slu-intel-core-7-150u-16gb-ddr5-ssd-1tb-14-inch-full-hd
[New 100%] Laptop Lenovo IdeaPad Slim 3 14ARP10  83K6005VVN / 83K6005UVN - AMD Ryzen 5 7535HS | 24GB | 14 Inch WUXGA,https://laptop88.vn/new-100-laptop-lenovo-ideapad-slim-3-14arp10-83k6005vvn-83k6005uvn-amd-ryzen-5-7535hs-16gb-14-inch-wuxga
"[New 100%] Laptop Gaming Acer Nitro ProPanel ANV15-52-72BM - Core i7-13620H | RTX 5050 | 15.6 inch FHD 180Hz, 100%sRGB",https://laptop88.vn/new-100-laptop-gaming-acer-nitro-v-propanel-anv15-52-72bm-core-i7-13620h-rtx-5050-156-inch-fhd-180hz-100srgb
[New 100%] Laptop Asus Vivobook S14 S3407CA-LY096WS - Ultra 7 255H | 14.0 Inch WUXGA,https://laptop88.vn/new-100-laptop-asus-vivobook-s14-s3407ca-ly096ws-ultra-7-255h-14-0-inch-wuxga
[New 100%] Laptop Gaming Acer Nitro ProPanel ANV15-52-73Z8 NH.QUASV.001 - Core 7 240H | RTX 4050 6GB | 15.6 Inch Full HD 180Hz 100%sRGB,https://laptop88.vn/new-100-laptop-gaming-acer-nitro-propanel-anv15-52-73z8-nhquasv001-core-7-240h-rtx-4050-6gb-156-inch-full-hd-180hz-100srgb
[New 100%] Laptop Asus Gaming V16 V3607VJ-RP071W - Core 5 210H | RTX 3050 6GB | 16 Inch 144Hz,https://laptop88.vn/new-100-laptop-asus-gaming-v16-v3607vj-rp071w-core-5-210h-rtx-3050-6gb-16-inch-144hz
[New 100%] Laptop Gaming Acer Nitro ProPanel ANV15-52-74UM NH.QUBSV.003 - Core 7 240H | RTX 3050 6GB | 15.6 Inch Full HD 180Hz 100%sRGB,https://laptop88.vn/new-100-laptop-gaming-acer-nitro-v-propanel-anv15-52-74um-nhqubsv003-core-7-240h-rtx-3050-6gb-156-inch-full-hd-180hz-100srgb
[New 100%] Laptop HP OmniBook 7 14-fr0027TU C1MN1PA - Ultra 7 255U | 16GB  | 14 Inch Full HD+,https://laptop88.vn/new-100-laptop-hp-omnibook-7-14-fr0027tu-c1mn1pa-ultra-7-255u-16gb-14-inch-2k
[New 100%] Laptop HP OmniBook 5 16-ag1066AU BZ7S9PA - AMD Ryzen Al 7 350 | RAM 16GB | 16 Inch Full HD+ Touch,https://laptop88.vn/new-100-laptop-hp-omnibook-5-16-ag1066au-bz7s9pa-amd-ryzen-al-7-350-ram-16gb-16-inch-full-hd-touch
[New 100%] Laptop Dell 16 DC16250 C7U161W11BLU - Intel Core 7 150U | 16GB | 16 Inch Full HD+,https://laptop88.vn/new-100-laptop-dell-16-dc16250-c7u161w11blu-intel-core-7-150u-16gb-156-inch-full-hd
[New 100%] Laptop HP OmniBook 5 16-ag1068AU BZ7T0PA - Ryzen AI 5 340 | 16 Inch WUXGA Touch,https://laptop88.vn/new-100-laptop-hp-omnibook-5-16-ag1068au-bz7t0pa-ryzen-ai-5-340-16-inch-wuxga-touch
[New 100%] Laptop Asus TUF Gaming F16 FX608JPR RV044W (2025) - Intel Core™ i7 14650HX | RTX 5070 | 16 Inch WUXGA 165Hz,https://laptop88.vn/new-100-laptop-asus-tuf-gaming-f16-fx608jpr-rv044w-2025-intel-core-i7-14650hx-rtx-5070-16-inch-wuxga-165hz
[New 100%] Laptop Gaming ASUS ROG Strix G16 G614PH-S5101W - Ryzen 9 8940HX | 16GB | 512GB | RTX 5050 | 16.0 inch WQXGA 240Hz | Win 11,https://laptop88.vn/new-100-laptop-gaming-asus-rog-strix-g16-g614ph-s5101w-ryzen-9-8940hx-16gb-512gb-rtx-5050-160-inch-wqxga-240hz-win-11
[New 100%] Laptop Gaming ASUS ROG Strix G16 G614PH-TS118W - AMD R9-8940HX | 16GB | 512GB | RTX 5050 | 16 Inch WQXGA 300Hz,https://laptop88.vn/new-100-laptop-gaming-asus-rog-strix-g16-g614ph-ts118w-amd-r9-8940hx-16gb-512gb-rtx-5050-16-inch-wqxga-300hz
[New 100%] Laptop Gaming ASUS ROG Strix G16 G614PM-TS147W - AMD R9-8940HX | 16GB | 512GB | RTX 5060 | 16 Inch WQXGA 300Hz,https://laptop88.vn/new-100-laptop-gaming-asus-rog-strix-g16-g614pm-ts147w-amd-r9-8940hx-16gb-512gb-rtx-5060-16-inch-wqxga-300hz
[New 100%] Laptop Lenovo LOQ Essential 15ARP10E 83S000DDVN - AMD Ryzen™ 7 170 | RTX 4050 6GB | 15.6 inch Full HD 144Hz 100% sRGB,https://laptop88.vn/new-100-laptop-lenovo-loq-essential-15arp10e-83s000ddvn-amd-ryzen-7-170-rtx-4050-6gb-156-inch-full-hd-144hz-100-srgb
[New 100%] Laptop Lenovo LOQ Essential 15ARP10E 83S0004FVN - Ryzen 7 7735HS | RTX 4050 6GB | 15.6 inch Full HD 144Hz 100% sRGB,https://laptop88.vn/new-100-laptop-lenovo-loq-essential-15arp10e-83s0004fvn-ryzen-7-7735hs-rtx-4050-6gb-156-inch-full-hd-144hz-100-srgb
[New 100%] Laptop Dell Pro 13 Plus PB13250-236V-16512W 2025 - Ultra 5 236V | 16GB | 512GB | 13.3 Inch Full HD+,https://laptop88.vn/new-100-laptop-dell-pro-13-plus-pb13250-236v-16512w-2025-ultra-5-236v-16gb-512gb-133-inch-full-hd
[New 100%] Laptop Gaming Acer Nitro ProPanel ANV16S-41-R337- Ryzen 7 260 |  RTX 5050 |  16 Inch Full HD+ 180Hz,https://laptop88.vn/new-100-laptop-gaming-acer-nitro-v-16s-propanel-anv16s-41-r337-ryzen-7-260-rtx-5050-16-inch-full-hd-180hz
[New 100%] Lenovo Legion 5 15IRX10 83LY00HQVN - Intel Core i7-13650HX | RTX 5060 | 15.3 Inch WUXGA 165Hz,https://laptop88.vn/new-100-lenovo-legion-5-15irx10-83ly00hqvn-intel-core-i7-13650hx-rtx-5060-153-inch-wuxga-165hz
[New 100%] Laptop Asus ExpertBook P1 P1403CVA-i716-63WS - Intel Core i7-13620H | 14 inch Full HD,https://laptop88.vn/new-100-laptop-asus-expertbook-p1-p1403cva-i716-63ws-intel-core-i7-13620h-14-inch-full-hd
[New 100%] Laptop Asus Gaming V16 V3607VH-RP024W - Core 5 210H | RTX 5050 8GB | 16 Inch 144Hz,https://laptop88.vn/new-100-laptop-asus-gaming-v16-v3607vh-rp024w-core-5-210h-rtx-5050-8gb-16-inch-144hz
[New 100%] Laptop Asus TUF Gaming F16 FX608JHR-RV037W - Intel i7 14650HX | RTX 5050 8GB | 16 Inch WUXGA 165Hz,https://laptop88.vn/new-100-laptop-asus-tuf-gaming-f16-fx608jhr-rv037w-intel-i7-14650hx-rtx-5050-8gb-16-inch-wuxga-165hz
[New 100%] Laptop Asus TUF Gaming F16 FX608JMR-RV048W - Intel i7 14650HX | RTX 5060 8GB | 16 Inch WUXGA 165Hz,https://laptop88.vn/new-100-laptop-asus-tuf-gaming-f16-fx608jmr-rv048w-intel-i7-14650hx-rtx-5060-8gb-16-inch-wuxga-165hz
[New 100%] Laptop Lenovo IdeaPad Slim 5 14IAH10 83NC001AVN - Ultra 7 255H | 24GB | 1TB | 14 Inch OLED,https://laptop88.vn/new-100-laptop-lenovo-ideapad-slim-5-14iah10-83nc001avn-ultra-7-255h-24gb-1tb-14-inch-oled
[New 100%] Acer Chromebook 516 GE - CBG516-1H-53TY NX.KCWAA.001 Intel Core I5 1240P | 16 Inch WQXGA 120Hz,https://laptop88.vn/new-100-acer-chromebook-516-ge-cbg516-1h-53ty-nx.kcwaa.001-intel-core-i5-1240p-16-inch-wqxga-120-hz.html
[New 100%] Laptop Asus Vivobook S14 M3407KA-SF034WS - Ryzen AI 5 330 | 16GB | 512GB | 14 Inch WUXGA OLED,https://laptop88.vn/new-100-laptop-asus-vivobook-s14-m3407ka-sf034ws-ryzen-ai-5-330-16gb-512gb-14-inch-wuxga-oled
[New 100%] Macbook Air M4 - 10 Core CPU | 10 Core GPU | RAM 16GB | SSD 512GB |13.6 Inch Liquid Retina,https://laptop88.vn/new-100-macbook-air-m4-2024-10-core-cpu-10-core-gpu-ram-16gb-ssd-512gb-136-inch-liquid-retina
[New 100%] Laptop Asus ROG Zephyrus G14 GA403WM-QS051WS - Ryzen AI 9 HX 370 | RTX 5060 | 14 inch 3K OLED,https://laptop88.vn/new-100-laptop-asus-rog-zephyrus-g14-ga403wm-qs051ws-ryzen-ai-9-hx-370-rtx-5060-14-inch-3k-oled
[New 100%] Laptop Asus Zenbook S16 UM5606GA SS441W - Ryzen AI 9 465 | 16GB | 512GB | 16 inch 3K OLED | Win 11,https://laptop88.vn/new-100-laptop-asus-zenbook-s16-um5606ga-ss441w-ryzen-ai-9-465-16gb-512gb-16-inch-3k-oled-win-11
[New 100%] Laptop Asus Zenbook S 16 UM5606GA-SS384WS -  Ryzen AI 9 465 | 32GB | 1TB | 16 inch 3K 120Hz,https://laptop88.vn/new-100-laptop-asus-zenbook-14-ux3405ca-st629w-ultra-9-285h-32gb-1tb-14-inch-3k-120hz-1
[New 100%] Laptop ASUS Zenbook 14 UX3405CA-ST648W -  Ultra 9 285H | 32GB | 1TB | 14 inch 3K 120Hz,https://laptop88.vn/new-100-laptop-asus-zenbook-14-ux3405ca-st648w-ultra-9-285h-32gb-1tb-14-inch-3k-120hz
[New 100%] Laptop ASUS Zenbook 14 UX3405CA-ST629W -  Ultra 7 255H | 32GB | 512GB | 14 inch 3K 120Hz,https://laptop88.vn/new-100-laptop-asus-zenbook-14-ux3405ca-st629w-ultra-7-255h-32gb-512gb-14-inch-3k-120hz
[New 100%] Laptop Dell Inspiron 14 5445 R1808L - AMD Ryzen 7-8840HS | 16GB | SSD 512GB | 14 inch 2.2K,https://laptop88.vn/new-100-laptop-dell-inspiron-14-5445-amd-ryzen-7-8845hs-16gb-ssd-1tb-14-inch-fhd.html
[New 100%] Laptop ASUS Zenbook 14 UM3406GA-QD073WS -  Ryzen AI 7 445 | 32GB | 1TB | 14 inch WUXGA 60Hz,https://laptop88.vn/new-100-laptop-asus-zenbook-14-um3406ga-qd073ws-ryzen-ai-7-445-32gb-1tb-14-inch-wuxga-60hz
[New 100%] Macbook Air M5 - 10 Core CPU | 10 Core GPU | RAM 24GB | SSD 1TB |13.6 Inch Liquid Retina,https://laptop88.vn/new-100-macbook-air-m5-10-core-cpu-10-core-gpu-ram-24gb-ssd-1tb-136-inch-liquid-retina
[New 100%] Macbook Air M4 - 10 Core CPU | 10 Core GPU | RAM 24GB | SSD 512GB |13.6 Inch Liquid Retina,https://laptop88.vn/new-100-macbook-air-m4-mc6v4saa-10-core-cpu-10-core-gpu-ram-24gb-ssd-512gb-136-inch-liquid-retina
[New 100%] Laptop Lenovo Legion Pro 5 16IAX10 83F3003VVN - Intel Ultra 9-275HX | RTX 5060 | 16 Inch WQXGA OLED 100%DCI-P3,https://laptop88.vn/new-100-laptop-lenovo-legion-pro-5-16iax10-83f3003vvn-intel-ultra-9-275hx-rtx-5060-16-inch-wqxga
[New 100%] Laptop Asus Vivobook S16 S3607AA-SH042W  - Ultra 5 325 | 16GB | 512GB | 16.0 Inch WUXGA | Win 11,https://laptop88.vn/new-100-laptop-asus-vivobook-s16-s3607aa-sh042w-ultra-5-325-16gb-512gb-160-inch-wuxga-win-11
[New 100%] Laptop Asus Vivobook S16 S3607AA-SH043W  - Ultra 7 355 | 16GB | 512GB | 16.0 Inch WUXGA | Win 11,https://laptop88.vn/new-100-laptop-asus-vivobook-s16-s3607aa-sh043w-ultra-7-355-16gb-512gb-160-inch-wuxga-win-11
[New 100%] Laptop Asus Vivobook S14 S3407AA-SF945W - Ultra 5 325 | 16GB | 512GB | 14.0 Inch WUXGA | Win 11,https://laptop88.vn/new-100-laptop-asus-vivobook-s14-s3407aa-sf945w-ultra-5-325-16gb-512gb-140-inch-wuxga-win-11
[New 100%] Laptop Asus Vivobook S14 S3407AA-SF032W - Ultra 7 355 | 16GB | 512GB | 14.0 Inch WUXGA | Win 11,https://laptop88.vn/new-100-laptop-asus-vivobook-s14-s3407aa-sf032w-ultra-7-355-16gb-512gb-140-inch-wuxga-win-11
[New 100%] Macbook Pro 14 M5 - 10 Core CPU | 10 Core GPU | RAM 16GB | SSD 512GB | 14.2 Inch Liquid Retina XDR,https://laptop88.vn/new-100-macbook-pro-14-m5-10-core-cpu-10-core-gpu-ram-16gb-ssd-512gb-142-inch-liquid-retina-xdr
[New 100%] Macbook Pro 14 M5 Pro - 15 Core CPU | 16 Core GPU | RAM 24GB | SSD 1TB | 14.2 Inch Liquid Retina XDR,https://laptop88.vn/new-100-macbook-pro-14-m5-pro-15-core-cpu-16-core-gpu-ram-24gb-ssd-1tb-142-inch-liquid-retina-xdr
[New 100%] Laptop Asus  Rog Flow Z13 GZ302EAC-RU184WS - Ryzen  AI Max+ 395 | 128GB | 1TB | 13.4 Inch 2.5K 180Hz,https://laptop88.vn/new-100-laptop-asus-rog-flow-z13-gz302ea-ru145ws-ryzen-ai-max-395-128gb-1tb-13-4-inch-2-5k-180hz
[New 100%] Laptop Lenovo ThinkPad E16 Gen 3 21SR00A6VA - Ultra 5 135H | 16GB | 512GB | 16 inch WUXGA,https://laptop88.vn/new-100-laptop-lenovo-thinkpad-e16-gen-3-21sr00a6va-ultra-5-135h-16gb-512gb-16-inch-wuxga
[New 100%] Laptop Gaming Acer Nitro ProPanel ANV15-41-R0FE NH.QPFSV.005 - AMD Ryzen 7 7735HS | RTX 3050 | 15.6 Inch 180Hz 100%sRGB,https://laptop88.vn/new-100-laptop-gaming-acer-nitro-propanel-anv15-41-r0fe-nhqpfsv005-amd-ryzen-7-7735hs-rtx-3050-156-inch-180hz-100srgb
[New 100%] Lenovo Legion 5 15IPH11 83RW0023VN - Ultra 7 356H | RTX 5060 | 15.3 Inch OLED WQXGA 165Hz,https://laptop88.vn/new-100-lenovo-legion-5-15iph11-83rw0023vn-ultra-7-356h-rtx-5060-153-inch-oled-wqxga-165hz
[New 100%] Laptop Lenovo IdeaPad 5 2-in-1 14IPH11 83UG0027VN - Ultra 7 355 | 16GB | 512GB | 14 Inch WUXGA Cảm Ứng | Win 11,https://laptop88.vn/new-100-laptop-lenovo-ideapad-slim-5-2-in-1-14iph11-83ug0027vn-ultra-7-355-16gb-512gb-14-inch-wuxga-cam-ung-win-11
[New 100%] Laptop Lenovo ThinkPad E14 GEN 7 21SX00BJVA - Ultra 5 135H | 16GB | 512GB | 14.0inch WUXGA,https://laptop88.vn/new-100-laptop-lenovo-thinkpad-e14-gen-7-21sx00bjva-ultra-5-135h-16gb-512gb-140inch-wuxga
[New 100%] Laptop Lenovo ThinkPad T14s Gen 6 21QX00LDVA - Ultra 7 258V | 32GB | 512GB | 14.0inch WUXGA,https://laptop88.vn/new-100-laptop-lenovo-thinkpad-t14s-gen-6-21qx00ldva-ultra-7-258v-32gb-512gb-140inch-wuxga
[New 100%] Laptop Lenovo IdeaPad Slim 3 14IPH11 83UQ003NVN - Ultra 5 322 | 16GB | 512GB | 14 Inch WUXGA,https://laptop88.vn/new-100-laptop-lenovo-ideapad-slim-3-14iph11-83uq003nvn-ultra-5-322-16gb-512gb-14-inch-wuxga
[New 100%] Laptop Lenovo IdeaPad Slim 5 14IMH10 83V6001HVN - Core Ultra 5 135H | 32GB | 512GB | 14 Inch WUXGA OLED,https://laptop88.vn/new-100-laptop-lenovo-ideapad-slim-5-14imh10-83v6001hvn-core-ultra-5-135h-32gb-512gb-14-inch-wuxga-oled
[New 100%] Laptop TUF Gaming F16 FX608JHI-TU210W - i5 14450HX | RTX 5050 | 16 Inch FHD+,https://laptop88.vn/new-100-laptop-tuf-gaming-f16-fx608jhi-tu210w-i5-14450hx-rtx-5050-16-inch-fhd
[New 100%] Laptop Asus Rog Zephyrus G14 GA403GM-SY004W - Ryzen AI 9 465 | 32GB | 1TB | RTX 5060 | 14 inch 3K OLED 120Hz | Win 11,https://laptop88.vn/new-100-laptop-asus-rog-zephyrus-g14-ga403gm-sy004w-ryzen-ai-9-465-32gb-1tb-rtx-5060-14-inch-3k-oled-120hz-win-11
[New 100%] Laptop Acer Predator Helios Neo 16 PHN16-I31-74MN - Intel i7 14650HX | 32GB | 512GB | RTX 5050 | 16 inch Full HD+ 180Hz,https://laptop88.vn/new-100-laptop-acer-predator-helios-neo-16-phn16-i31-74mn-intel-i7-14650hx-32gb-512gb-rtx-5050-16-inch-full-hd-180hz
[New 100%] Laptop Acer Predator Helios Neo 16 PHN16-I31-72XE - Intel i7 14650HX | 32GB | 512GB | RTX 5060 | 16 inch 2K+ 180Hz,https://laptop88.vn/new-100-laptop-acer-predator-helios-neo-16-phn16-i31-72xe-intel-i7-14650hx-32gb-512gb-rtx-5060-16-inch-2k-180hz
[New 100%] Laptop Acer Predator Helios Neo 16 PHN16-I31-50H7 - Intel i5 14450HX | 32GB | 512GB | RTX 5050 | 16 inch FHD+ 180Hz,https://laptop88.vn/new-100-laptop-acer-predator-helios-neo-16-phn16-i31-50h7-intel-i5-14450hx-32gb-512gb-rtx-5050-16-inch-fhd-180hz
[New 100%] Laptop Lenovo Yoga Slim 7 14IPH11 83QK006GVN - Intel Core Ultra 7 355 | 32GB | 1TB | 14 Inch 2.8K OLED (FIFA EDITION),https://laptop88.vn/new-100-laptop-lenovo-yoga-slim-7-14iph11-83qk006gvn-intel-core-ultra-7-355-32gb-1tb-14-inch-28k-oled-fifa-edition
[New 100%] Laptop Acer Aspire Lite 15 AL15-46P-R73C NX.JXMSV.001 - Ryzen 3 5400U | 8GB | 512GB | 15.6 Inch Full HD,https://laptop88.vn/new-100-laptop-acer-aspire-lite-15-al15-46p-r73c-nxjxmsv001-ryzen-3-5400u-8gb-512gb-156-inch-full-hd
[New 100%] Laptop Acer Aspire Lite 15 AL15-48P-R86Q NX.DS1SV.002 - Ryzen 7 5825U | 8GB | 512GB | 15.6 Inch Full HD,https://laptop88.vn/new-100-laptop-acer-aspire-lite-15-al15-48p-r86q-nxds1sv002-ryzen-7-5825u-8gb-512gb-156-inch-full-hd
[New 100%] Laptop Asus TUF Gaming A14 FA401EA-RG034W - Ryzen AI MAX+ 392 | 64GB | 1TB | AMD Radeon 8060S | 14inch WQXGA 165Hz,https://laptop88.vn/new-100-laptop-asus-tuf-gaming-a14-fa401ea-rg034w-ryzen-ai-max-392-64gb-1tb-amd-radeon-8060s-14inch-wqxga-165hz
[New 100%] Laptop Gaming ASUS ROG Strix G16 G614PW-TS051W - AMD R9-8940HX | 16GB | 1TB | RTX 5080 | 16 Inch WQXGA 300Hz,https://laptop88.vn/new-100-laptop-gaming-asus-rog-strix-g16-g614pw-ts051w-amd-r9-8940hx-16gb-1tb-rtx-5080-16-inch-wqxga-300hz
[New 100%] Laptop Gaming ASUS ROG Strix G16 G614PR-TS103W - AMD R9-8940HX | 16GB | 512GB | RTX 5070Ti | 16 Inch WQXGA 300Hz,https://laptop88.vn/new-100-laptop-gaming-asus-rog-strix-g16-g614pr-ts103w-amd-r9-8940hx-16gb-512gb-rtx-5070ti-16-inch-wqxga-300hz
[New 100%] Laptop Gaming ASUS ROG Strix G16 G614PP-TS112W - AMD R9-8940HX | 16GB | 512GB | RTX 5070 | 16 Inch WQXGA 300Hz,https://laptop88.vn/new-100-laptop-gaming-asus-rog-strix-g16-g614pp-ts112w-amd-r9-8940hx-16gb-512gb-rtx-5070-16-inch-wqxga-300hz
[New 100%] Laptop Asus ProArt PX13 HN7306EA-LX050W - Ryzen AI Max+ 395 | 32GB | 1TB | Radeon 8060S Graphics | 13.3 inch 3K OLED Cảm Ứng,https://laptop88.vn/new-100-laptop-asus-proart-px13-hn7306ea-lx050w-ryzen-ai-max-395-32gb-1tb-radeon-8060s-graphics-133-inch-3k-oled-cam-ung
[New 100%] Laptop Asus ExpertBook  P3 PM3606CHA-MB0082W - Ryzen 7 8840HS | 16GB | 512GB | 16 inch WUXGA,https://laptop88.vn/new-100-laptop-asus-expertbook-p3-pm3606cha-mb0082w-ryzen-7-8840hs-16gb-512gb-16-inch-wuxga
[New 100%] Laptop Asus ExpertBook  P3 PM3406CHA-LY0089W - Ryzen 7 8840HS | 16GB | 512GB | 14 inch WUXGA,https://laptop88.vn/new-100-laptop-asus-expertbook-p3-pm3406cha-ly0089w-ryzen-7-8840hs-16gb-512gb-14-inch-wuxga
[New 100%] Laptop Asus Vivobook S14 S3407VA-LY256W - Intel Core 7 240H | 16GB | 512GB | 14 Inch WUXGA,https://laptop88.vn/new-100-laptop-asus-vivobook-s14-s3407va-ly256w-intel-core-7-240h-16gb-512gb-14-inch-wuxga
[New 100%] Laptop Lenovo IdeaPad Slim 3 15ARP10 83K700YVVN - AMD Ryzen 7 7735HS | 16GB | 512GB | 15.3 Inch WUXGA,https://laptop88.vn/new-100-laptop-lenovo-ideapad-slim-3-15arp10-83k700yvvn-amd-ryzen-7-7735hs-16gb-512gb-153-inch-wuxga
[New 100%] Laptop Lenovo IdeaPad Slim 3 14IPH11 83UQ000JVN - Ultra 5 322 | 16GB | 512GB | 14 Inch WUXGA,https://laptop88.vn/new-100-laptop-lenovo-ideapad-slim-3-14iph11-83uq000jvn-ultra-5-322-16gb-512gb-14-inch-wuxga
[New 100%] Laptop Lenovo IdeaPad Slim 3 14IPH11 83UQ002GVN - Ultra 7 355 | 16GB | 512GB | 14 Inch WUXGA,https://laptop88.vn/new-100-laptop-lenovo-ideapad-slim-3-14iph11-83uq002gvn-ultra-7-355-16gb-512gb-14-inch-wuxga
[New 100%] Laptop Lenovo Yoga Slim 7 14AGP11 83QS001DVN - AMD Ryzen AI 7 445 | 16GB | 512GB | 14 Inch WUXGA OLED,https://laptop88.vn/new-100-laptop-lenovo-yoga-slim-7-14agp11-83qs001dvn-amd-ryzen-ai-7-445-16gb-512gb-14-inch-wuxga-oled
[New 100%] Laptop Lenovo IdeaPad Slim 3 14ARP10 83K600E6VN - AMD Ryzen 5 7535HS | 16GB | 14 Inch WUXGA,https://laptop88.vn/new-100-laptop-lenovo-ideapad-slim-3-14arp10-83k600e6vn-amd-ryzen-5-7535hs-16gb-14-inch-wuxga
[New 100%] Laptop Lenovo Yoga Slim 7 14IPH11 83QK0016VN - Intel Core™ Ultra X9 388H | 32GB | 1TB | 14 Inch 2.8K OLED,https://laptop88.vn/new-100-laptop-lenovo-yoga-slim-7-14iph11-83qk0016vn-intel-core-ultra-x9-388h-32gb-1tb-14-inch-28k-oled
[New 100%] Laptop Lenovo Yoga Slim 7 14IPH11 83QK0015VN / 83QK0048VN FIFA EDITION - Intel Core™ Ultra 7 355 | 32GB | 1TB | 14 Inch 2.8K OLED,https://laptop88.vn/new-100-laptop-lenovo-yoga-slim-7-14iph11-83qk0015vn-83qk0048vn-fifa-edition-intel-core-ultra-7-355-32gb-1tb-14-inch-28k-oled
[New 100%] Laptop Lenovo Yoga Slim 7 14IPH11 83QM002FVN / 83QM002EVN - Intel Core™ Ultra 7 355 | 32GB | 1TB | 14 Inch WUXGA OLED,https://laptop88.vn/new-100-laptop-lenovo-yoga-slim-7-14iph11-83qm002fvn-83qm002evn-intel-core-ultra-7-355-32gb-1tb-14-inch-wuxga-oled
[New 100%] Lenovo Legion 5 15AHP11 83Q7001JVN - AMD Ryzen 7 250 | RTX 5060 | 15.3 Inch OLED WQXGA 165Hz,https://laptop88.vn/new-100-lenovo-legion-5-15ahp11-83q7001jvn-amd-ryzen-7-250-rtx-5060-15-1-inch-oled-wqxga-165hz
[New 100%] Laptop ASUS Expertbook B3 B3405CCA-LY0077W - Intel Core Ultra 5 225H | SSD 512GB | RAM 16GB | 14 inch Full HD+,https://laptop88.vn/new-100-laptop-asus-expertbook-b3-b3405cca-ly0077w-intel-core-ultra-5-225h-ssd-512gb-ram-16gb-14-inch-full-hd
[New 100%] Laptop ASUS Expertbook B3 B3405CCA-LY0080W - Intel Core Ultra 7 255H | SSD 512GB | RAM 16GB | 14 inch Full HD+,https://laptop88.vn/new-100-laptop-asus-expertbook-b3-b3405cca-ly0080w-intel-core-ultra-7-255h-ssd-512gb-ram-16gb-14-inch-full-hd
[New 100%] Laptop Asus ExpertBook P1 P1503CVA-C7H16-50W - Intel Core 7 240H | 16GB DDR5 | 15.6 inch Full HD,https://laptop88.vn/new-100-laptop-asus-expertbook-p1-p1503cva-c7h16-50w-intel-core-7-240h-16gb-ddr5-156-inch-full-hd
"[New 100%] Laptop Gaming Acer Nitro ProPanel ANV15-52-50VA NH.QUBSV.002 - Core 5 210H | RTX 3050 6GB | 15.6 inch FHD 180Hz, 100%sRGB",https://laptop88.vn/new-100-laptop-gaming-acer-nitro-propanel-anv15-52-50va-nhqubsv002-core-5-210h-rtx-3050-6gb-156-inch-fhd-180hz-100srgb
"[New 100%] Laptop Gaming Acer Nitro ProPanel ANV15-52-50RB NH.QUASV.002 - Core 5 210H | RTX 4050 6GB | 15.6 inch FHD 180Hz, 100%sRGB",https://laptop88.vn/new-100-laptop-gaming-acer-nitro-propanel-anv15-52-50rb-nhquasv002-core-5-210h-rtx-4050-6gb-156-inch-fhd-180hz-100srgb
[New 100%] Laptop TUF Gaming F16 FX608JHI-TU209W - i7 14650HX | RTX 5050 | 16 Inch FHD+,https://laptop88.vn/new-100-laptop-tuf-gaming-f16-fx608jhi-tu209w-i7-14650hx-rtx-5050-16-inch-fhd
[New 100%] Laptop Asus TUF Gaming A16 FA608UM-RV266W - Ryzen 7 260 | RTX 5060 | 16 Inch FHD+,https://laptop88.vn/new-100-laptop-asus-tuf-gaming-a16-fa608um-rv266w-ryzen-7-260-rtx-5060-16-inch-fhd
[New 100%] Laptop Asus TUF Gaming F16 FX608JMI-TU241W - i7 14650HX | RTX 5060 | 16 Inch FHD+,https://laptop88.vn/new-100-laptop-asus-tuf-gaming-f16-fx608jmi-tu241w-i7-14650hx-rtx-5060-16-inch-fhd
[New 100%] Laptop Asus TUF Gaming A16 FA608PP-RV089W - Ryzen 9 8940HX | RTX 5070 | 16 Inch WUXGA 165Hz,https://laptop88.vn/new-100-laptop-asus-tuf-gaming-a16-fa608pp-rv089w-ryzen-9-8940hx-rtx-5070-16-inch-wuxga-165hz
[New 100%] Laptop Lenovo LOQ 15IRX10 83JE01AGVN - Intel i7 13645HX | RTX 5050 | 15.6 Inch 144Hz 100%sRGB,https://laptop88.vn/new-100-laptop-lenovo-loq-15irx10-83je01agvn-intel-i7-13645hx-rtx-5050-156-inch-144hz-100srgb
[New 100%] Laptop Asus TUF Gaming A14FA401GM-RG013W - Ryzen AI 9 465 | RTX 5060 | 14 Inch WQXGA 165Hz,https://laptop88.vn/new-100-laptop-asus-tuf-gaming-a14fa401gm-rg013w-ryzen-ai-9-465-rtx-5060-14-inch-wqxga-165hz
[New 100%] Laptop Asus TUF Gaming A14 FA401KM-RG010WS - Ryzen AI 7 350 | RTX 5060 | 14 Inch WQXGA 165Hz,https://laptop88.vn/new-100-laptop-asus-tuf-gaming-a14-fa401km-rg010ws-ryzen-ai-7-350-rtx-5060-14-inch-wqxga-165hz
[New 100%] Laptop Gaming Asus TUF F16 FX608JM-RV081W - i5 13450HX | RTX 5060 | 16 Inch WUXGA 165Hz,https://laptop88.vn/new-100-laptop-gaming-asus-tuf-f16-fx608jm-rv081w-i5-13450hx-rtx-5060-16-inch-wuxga-165hz
[New 100%] Asus Vivobook S16 M3607GA-SH034W - Ryzen AI 7 445 | RAM 16GB | 16 Inch FHD,https://laptop88.vn/new-100-asus-vivobook-s16-m3607ga-sh034w-ryzen-ai-7-445-ram-16gb-16-inch-fhd
[New 100%] Asus Vivobook S14 M3407HA-SF490W - R7 260 | RAM 16GB | 14 Inch WUXGA,https://laptop88.vn/new-100-asus-vivobook-s14-m3407ha-sf490w-r7-260-ram-16gb-14-inch-wuxga
[New 100%] Asus Vivobook X1607CA-MB990W - Core 7 255H | RAM 16GB | 16 Inch WUXGA,https://laptop88.vn/new-100-asus-vivobook-x1607ca-mb990w-core-7-255h-ram-16gb-16-inch-wuxga
[New 100%] Laptop Asus ExpertBook P1 P1503CVA-C5H08/C5H16-50W - Intel Core 5 210H | SSD 512GB | 15.6 Inch Full HD,https://laptop88.vn/new-100-laptop-asus-expertbook-p1-p1503cva-c5h08c5h16-50w-intel-core-5-210h-ssd-512gb-156-inch-full-hd
[New 100%] Laptop Acer Aspire Go 14 AG14-72P-563L - Intel Core 5 120U | 16GB | SSD 512GB | 14 inch Full HD+,https://laptop88.vn/new-100-laptop-acer-aspire-go-14-ag14-72p-563l-intel-core-5-120u-16gb-ssd-512gb-14-inch-full-hd
[New 100%] Laptop ASUS Vivobook S14 M3407GA-SF030W - RYZEN AI 7-445 | 16GB | SSD 512GB | 14 inch WUXGA OLED,https://laptop88.vn/new-100-laptop-asus-vivobook-s14-m3407ga-sf030w-ryzen-ai-7-445-16gb-ssd-512gb-14-inch-wuxga-oled
[New 100%] Laptop Lenovo LOQ 15IPH11 83SL000LVN - Intel Core Ultra 7 356H | RAM 16GB | SSD 512GB | RTX 5060 | 15.3 inch WUXGA 165Hz,https://laptop88.vn/new-100-laptop-lenovo-loq-15iph11-83sl000lvn-intel-core-ultra-7-356h-ram-16gb-ssd-512gb-rtx-5060-153-inch-wuxga-165hz
[New 100%] Laptop Lenovo Yoga Slim 7 14ILL10 83JX0081VN - Intel Core Ultra 7 258V | 32GB | 1TB | 14 Inch 2.8K OLED 120Hz,https://laptop88.vn/new-100-laptop-lenovo-yoga-slim-7-14ill10-83jx0081vn-intel-core-ultra-7-258v-32gb-1tb-14-inch-28k-oled-120hz
[New 100%] Laptop Gaming Lenovo Legion Pro 7 16IAX10H 83F500JGVN - Ultra 9 275X | RAM 32GB | RTX 5070Ti | 16 Inch WQXGA 240Hz,https://laptop88.vn/new-100-laptop-gaming-lenovo-legion-pro-7-16iax10h-83f500jgvn-ultra-9-275x-ram-32gb-rtx-5070ti-16-inch-wqxga-240hz
[New 100%] ASUS Vivobook 14 A1407QA-LY114W - Snapdragon X X1-26-100 | RAM 16GB | 14 Inch FHD+,https://laptop88.vn/new-100-asus-vivobook-14-a1407qa-ly114w-snapdragon-x-x1-26-100-ram-16gb-14-inch-fhd
[New 100%] Asus Vivobook Go 14 E1404FA-EB012W - AMD R5 40 | RAM 8GB | 14 Inch FHD,https://laptop88.vn/new-100-asus-vivobook-go-14-e1404fa-eb012w-amd-r5-40-ram-8gb-14-inch-fhd
[New 100%] Asus Vivobook S14 M3407HA-SF480W - AMD Ryzen 5 220 | RAM 16GB | 14 Inch FHD+,https://laptop88.vn/new-100-asus-vivobook-s14-m3407ha-sf480w-amd-ryzen-5-220-ram-16gb-14-inch-fhd
[New 100%] Asus Vivobook 15 X1504VA BQ265W - Core 5 120U | RAM 16GB | 15.6 Inch FHD,https://laptop88.vn/new-100-asus-vivobook-15-x1504va-bq265w-core-5-120u-ram-16gb-156-inch-fhd
[New 100%] Asus Vivobook 14 X1404VA EB609W - Core 3 100U | RAM 8GB | 14 Inch FHD,https://laptop88.vn/new-100-asus-vivobook-14-x1404va-eb609w-core-3-100u-ram-8gb-14-inch-fhd
[New 100%] Laptop Asus Vivobook 14 M1407GA-LY270W - AMD Ryzen™ AI 7 445 | RAM 16GB | 14 Inch Full HD+,https://laptop88.vn/new-100-laptop-asus-vivobook-14-m1407ga-ly270w-amd-ryzen-ai-7-445-ram-16gb-14-inch-full-hd
[New 100%] Laptop Asus Vivobook 14 X1404VA-EB355W - Core 7 150U | RAM 16GB | 14 Inch FHD,https://laptop88.vn/new-100-laptop-asus-vivobook-14-x1404va-eb355w-core-7-150u-ram-16gb-14-inch-fhd-1
[New 100%] Laptop Vivobook 14 Flip TP3407SA-SG349W - Ultra 5 226V | RAM 16GB | 14 Inch FHD+,https://laptop88.vn/new-100-laptop-vivobook-14-flip-tp3407sa-sg349w-ultra-5-226v-ram-16gb-14-inch-fhd
[New 100%] Laptop Asus ExpertBook P1 P1503CVA-C7H321T-63WS - Intel Core 7 240H | 32GB DDR5 | 15.6 inch Full HD,https://laptop88.vn/new-100-laptop-asus-expertbook-p1-p1503cva-c7h321t-63ws-intel-core-7-240h-16gb-ddr5-156-inch-full-hd
[New 100%] Laptop Asus ExpertBook P1 P1503CVA-C7H16-63WS - Intel Core 7 240H | 16GB DDR5 | 15.6 inch Full HD,https://laptop88.vn/new-100-laptop-asus-expertbook-p1-p1503cva-c7h16-63ws-intel-core-7-240h-16gb-ddr5-156-inch-full-hd
[New 100%] Laptop Asus ExpertBook P1 P1503CVA-C5H16-63WS - Intel Core 5 210H | 16GB DDR5 | 15.6 inch Full HD,https://laptop88.vn/new-100-laptop-expertbook-p1-p1503cva-c5h16-63ws-intel-core-5-210h-16gb-ddr5-156-inch-full-hd
[New 100%] Laptop Asus ExpertBook P1 P1403CVA-C7H321T-63WS - Intel Core 7 240H | 32GB DDR5 | 14 inch Full HD,https://laptop88.vn/new-100-laptop-asus-expertbook-p1-p1403cva-c7h321t-63ws-intel-core-7-240h-16gb-ddr5-14-inch-full-hd
[New 100%] Laptop Asus ExpertBook P1 P1403CVA-C7H16-63WS - Intel Core 7 240H | 16GB DDR5 | 14 inch Full HD,https://laptop88.vn/new-100-laptop-asus-expertbook-p1-p1403cva-c7h16-63ws-intel-core-7-240h-16gb-ddr5-14-inch-full-hd
[New 100%] Laptop Asus ExpertBook P1 P1403CVA-C5H16-63WS - Intel Core 5 210H | 16GB DDR5 | 14 inch Full HD,https://laptop88.vn/new-100-laptop-asus-expertbook-p1-p1403cva-c5h16-63ws-intel-core-5-210h-16gb-ddr5-14-inch-full-hd
[New 100%] Laptop ASUS Vivobook 16 X1607CA-MB980W -  Intel Core Ultra 5 225H | 16GB DDR5 | 16 inch Full HD+,https://laptop88.vn/new-100-laptop-asus-vivobook-16-x1607ca-mb980w-intel-core-ultra-5-225h-16gb-ddr5-16-inch-full-hd
[New 100%] Laptop ASUS Vivobook 15 M1502NAQ-BQ031W - AMD Ryzen™ 7 170 | 16GB DDR5 | 15.6 inch Full HD,https://laptop88.vn/new-100-laptop-asus-vivobook-15-m1502naq-bq031w-amd-ryzen-7-170-16gb-ddr5-156-inch-full-hd
[New 100%] Laptop ASUS Vivobook 15 M1502NAQ-BQ021W - AMD Ryzen™ 5 150 | 16GB DDR5 | 15.6 inch Full HD,https://laptop88.vn/new-100-laptop-asus-vivobook-15-m1502naq-bq021w-amd-ryzen-5-150-16gb-ddr5-156-inch-full-hd
[New 100%] Laptop Dell 16 Plus DB6U5387W1 2025 - Intel Core Ultra 5 226V | 16GB LPDDR5X | SSD 1TB | 16 Inch 2.5K,https://laptop88.vn/new-100-laptop-dell-16-plus-db6u5387w1-2025-intel-core-ultra-5-226v-16gb-lpddr5x-ssd-1tb-16-inch-25k
[New 100%] Laptop Lenovo IdeaPad Slim 3 15ARP10 83K700EVVN - Ryzen 7 7735HS | 24GB | 512GB | 15.3 Inch WUXGA,https://laptop88.vn/new-100-laptop-lenovo-ideapad-slim-3-15arp10-83k700evvn-ryzen-7-7735hs-24gb-512gb-153-inch-wuxga
[New 100%] Laptop Lenovo IdeaPad Slim 3 15ARP10 83K700EWVN - Ryzen 7 7735HS | 16GB | 512GB | 15.3 Inch WUXGA,https://laptop88.vn/new-100-laptop-lenovo-ideapad-slim-3-15arp10-83k700ewvn-ryzen-7-7735hs-16gb-512gb-153-inch-wuxga
[New 100%] Laptop Lenovo Xiaoxin 14c AHP10-83K90003CD -  AMD Ryzen 7 8745HS | 16GB | 512GB | 14 Inch WUXGA,https://laptop88.vn/new-100-laptop-lenovo-xiaoxin-14c-ahp10-83k90003cd-amd-ryzen-7-8745hs-16gb-512gb14-inch-wuxga
[New 100%] Laptop Lenovo V15 G5 IRL 83HF00BRVA - Intel Core i5-13420H | SSD 512GB | 15.6 Inch Full HD,https://laptop88.vn/new-100-laptop-lenovo-v15-g5-irl-83hf00bsva-intel-core-i5-13420h-16gb-512gb-156-inch-full-hd
[New 100%] Laptop Dell Pro 14 PC14250-235U-16512W 2025 - Ultra 5 235U | 16GB | 512GB | 14 Inch Full HD+,https://laptop88.vn/new-100-laptop-dell-pro-14-pc14250-235u-16512w-2025-ultra-5-235u-16gb-512gb-14-inch-full-hd
[New 100%] Laptop Lenovo V14 Gen 5 IRU 83HD0062VA - Intel Core i5-13420H | 16GB | 512GB 14 Inch Full HD,https://laptop88.vn/new-100-laptop-lenovo-v14-gen-5-iru-83hd0062va-intel-core-i5-13420h-16gb-512gb-14-inch-full-hd
[New 100%] Laptop Lenovo LOQ Essential 15IRX11 83SC003TVN - Intel i5 13450HX | RAM 16GB | SSD 512GB | RTX 5060 | 15.6 inch Full HD 144Hz 100% sRGB,https://laptop88.vn/new-100-laptop-lenovo-loq-essential-15irx11-83sc003tvn-intel-i5-13450hx-ram-16gb-ssd-512gb-rtx-5060-156-inch-full-hd-144hz-100-srgb
[New 100%] Laptop HP OmniBook 7 14-fr0024TU C1MN0PA - Ultra 7 255H | 32GB | 512GB | 14 Inch 2K,https://laptop88.vn/new-100-laptop-hp-omnibook-7-14-fr0024tu-c1mn0pa-ultra-7-255h-32gb-512gb-14-inch-2k
[New 100%] Laptop HP OmniBook 5 16-ag1069AU BZ7T1PA - Ryzen AI 5 340 | 16 Inch 2K,https://laptop88.vn/new-100-laptop-hp-omnibook-5-16-ag1069au-bz7t1pa-ryzen-ai-5-340-16-inch-2k
"[New 100%] Laptop Gaming Acer Nitro ProPanel ANV16S-71-75LR- Intel Core 7 240H |  RTX 5060 | 16 Inch 2K, 180Hz",https://laptop88.vn/new-100-laptop-gaming-acer-nitro-v-16s-propanel-anv16s-71-75lr-intel-core-7-240h-rtx-5060-16-inch-2k-180hz
[New 100%] Laptop Gaming Acer Nitro ProPanel  AN16S-61-R193 - Ryzen 9 AI 365 | 16GB | 512GB | RTX 5070 | 16 Inch 2K 180Hz,https://laptop88.vn/new-100-laptop-gaming-acer-nitro-v-16-ai-propanel-an16s-61-r193-ryzen-9-ai-365-16gb-512gb-rtx-5070-16-inch-2k-180hz
[New 100%] Laptop Gaming Acer Nitro ProPanel ANV16S-61-R7KQ - Ryzen 5 AI 340 | RTX 5060 | 16 Inch Full HD+ 180Hz,https://laptop88.vn/new-100-laptop-gaming-acer-nitro-v-16-ai-propanel-nitro-anv16s-61-r7kq-ryzen-5-ai-340-rtx-5060-16-inch-full-hd-180hz
[New 100%] Laptop Gaming Acer Nitro V ProPanel ANV16S-61-R0B8 - Ryzen 5 AI 340 |  RTX 5050 |  16 Inch Full HD+ 180Hz,https://laptop88.vn/new-100-laptop-gaming-acer-nitro-v-16-ai-propanel-anv16s-61-r0b8-ryzen-5-ai-340-rtx-5050-16-inch-full-hd-180hz
[New 100%] Laptop Dell Pro 14 PC14250-235U-16512W KYHD - Ultra 5 235U | 16GB | 512GB | 14 Inch Full HD +,https://laptop88.vn/new-100-laptop-dell-pro-14-pc14250-235u-16512w-kyhd-ultra-5-235u-16gb-512gb-14-inch-full-hd
[New 100%] Laptop Dell Pro 14 PC14250-255U-32512W - Ultra 7 255U | 32GB | 512GB | 14 Inch Full HD +,https://laptop88.vn/new-100-laptop-dell-pro-14-pc14250-255u-32512w-ultra-7-255u-32gb-512gb-14-inch-full-hd
[New 100%] Laptop Dell Pro 14 PC14250-235U-16512W - Ultra 5 235U | 16GB | 512GB | 14 Inch Full HD +,https://laptop88.vn/new-100-laptop-dell-pro-14-pc14250-235u-16512w-ultra-5-235u-16gb-512gb-14-inch-full-hd
[New 100%] Laptop Lenovo ThinkPad E16 Gen 3 ARL 21SR002LVA - Intel Ultra 7 255H | 16GB | 512GB | 16 inch WUXGA,https://laptop88.vn/new-100-laptop-lenovo-thinkpad-e16-gen-3-arl-21sr002lva-intel-ultra-7-255h-16gb-512gb-16-inch-wuxga
[New 100%] Lenovo ThinkBook 16 G8 IAL 21SK0073VN 2025 - Intel Core Ultra 7 255H | 16GB DDR5 | 1TB | 16 Inch WUXGA,https://laptop88.vn/new-100-lenovo-thinkbook-16-g8-ial-21sk0073vn-2025-intel-core-ultra-7-255h-16gb-ddr5-1tb-16-inch-wuxga
[New 100%] Laptop Asus ExpertBook P5 P5405CSA-NZ0450WS - Intel Ultra 5 226V | 14 inch WQXGA,https://laptop88.vn/new-100-laptop-asus-expertbook-p5-p5405csa-nz0450ws-intel-ultra-5-226v-14-inch-wqxga
"[New 100%] Laptop Gaming Acer Nitro ProPanel ANV15-52-59RR - Core 5 210H | RTX 5050 | 15.6 inch FHD 180Hz, 100%sRGB",https://laptop88.vn/new-100-laptop-gaming-acer-nitro-v-propanel-anv15-52-59rr-core-5-210h-rtx-5050-156-inch-fhd-180hz-100srgb
[New 100%] Laptop Dell Latitude L3450 - Intel Core i5 1335U | 14 Inch Full HD,https://laptop88.vn/new-100-laptop-dell-latitude-l3450-intel-core-i5-1335u-14-inch-full-hd
[New 100%] Laptop Lenovo LOQ 15IRX10 83JE00PEVN - Intel i7 13650HX | RTX 5050 | 15.6 Inch 144Hz,https://laptop88.vn/new-100-laptop-lenovo-loq-15irx10-83je00pevn-intel-i7-13650hx-rtx-5050-156-inch-144hz
[New 100%] Laptop Lenovo Yoga Book 9 14IAH10 83KJ002UVN - Ultra 9 285H | 32GB | 1TB | 14 Inch 2.8K OLED,https://laptop88.vn/new-100-laptop-lenovo-yoga-book-9-14iah10-83kj002uvn-ultra-9-285h-32gb-1tb-14-inch-28k-oled
[New 100%] Laptop HP OmniBook 5 16-AF1046TU BZ7Q8PA - Intel Ultra 5 225U | 16 Inch Full HD+,https://laptop88.vn/new-100-laptop-hp-omnibook-5-16-af1046tu-bz7q8pa-intel-ultra-5-225u-16-inch-full-hd
[New 100%] HP Omen 16-am0178TX BX8Y4PA - Ultra 5 225H | RTX 5060 | 16 Inch Full HD+ 165Hz,https://laptop88.vn/new-100-hp-omen-16-am0180tx-bx8y4pa-ultra-5-225h-rtx-5060-16-inch-full-hd-165hz
[New 100%] HP Omen 16-am0180TX BX8Y6PA - Ultra 5 225H | RTX 5050 | 16 Inch Full HD+ 165Hz,https://laptop88.vn/new-100-hp-omen-16-am0180tx-bx8y6pa-ultra-5-225h-rtx-5050-16-inch-full-hd-165hz
"[New 100%] Laptop Gaming Acer Nitro ProPanel ANV15-52-59AA - Core i5-13420H | RTX 5050 | 15.6 inch FHD 180Hz, 100%sRGB",https://laptop88.vn/new-100-laptop-gaming-acer-nitro-v-propanel-anv15-52-59aa-core-i5-13420h-rtx-5050-156-inch-fhd-180hz-100srgb
[New 100%] Lenovo Legion 5 15IRX10 83LY00A7VN - Intel Core i7-14700HX | RTX 5050 | 15 Inch OLED WQXGA 165Hz,https://laptop88.vn/new-100-lenovo-legion-5-15irx10-83ly00a7vn-intel-core-i7-14700hx-rtx-5050-15-inch-oled-wqxga-165hz
[New 100%] Lenovo Legion 7 16IAX10 83KY001VVN - Ultra 9 275HX | RTX 5070 | 16 Inch WQXGA 240Hz,https://laptop88.vn/new-100-lenovo-legion-7-16iax10-83ky001vvn-ultra-9-275hx-rtx-5070-16-inch-wqxga-240hz
[New 100%] Lenovo Legion 7 16IAX10 83KY001UVN - Ultra 9 275HX | RTX 5060 | 16 Inch WQXGA 240Hz,https://laptop88.vn/new-100-lenovo-legion-7-16iax10-83ky001uvn-ultra-9-275hx-rtx-5060-16-inch-wqxga-240hz
[New 100%] Laptop Lenovo Yoga Book 9 14IAH10 83KJ001QVN - Ultra 9 285H | 32GB | 1TB | 14 Inch 2.8K OLED,https://laptop88.vn/new-100-laptop-lenovo-yoga-book-9-14iah10-83kj001qvn-ultra-9-285h-32gb-1tb-14-inch-28k-oled
[New 100%] Laptop Lenovo Yoga Pro 7 14IAH10 83KF001JVN - Ultra 9 285H | 32GB | 1TB | 14.5 Inch 3K OLED,https://laptop88.vn/new-100-laptop-lenovo-yoga-pro-7-14iah10-83kf001jvn-ultra-9-285h-32gb-1tb-145-inch-3k-oled
[New 100%] Laptop Lenovo Yoga Slim 7 14AKP10 83JY001VVN - AMD Ryzen AI 7 350 | 32GB | 1TB | 14 Inch 2.8K OLED,https://laptop88.vn/new-100-laptop-lenovo-yoga-yoga-slim-7-14akp10-83jy001vvn-amd-ryzen-ai-7-350-32gb-1tb-14-inch-28k-oled
[New 100%] Laptop Asus Rog Strix Scar 18 G835LX-SA208W - Ultra 9 275HX | 64GB | 2TB | RTX 5090 | 18 Inch 240Hz,https://laptop88.vn/new-100-laptop-asus-rog-strix-scar-18-g835lx-sa208w-ultra-9-275hx-64gb-2tb-rtx-5090-18-inch-240hz
[New 100%] Laptop Lenovo IdeaPad Flex 5 14ABR8 82XX00FWVN - AMD Ryzen 5 5625U | 16GB | 512GB | 14 Inch WUXGA Touch,https://laptop88.vn/new-100-laptop-lenovo-ideapad-flex-5-14abr8-amd-ryzen-5-5625u-16gb-512gb-14-inch-wuxga-touch-1
[New 100%] Laptop Lenovo Legion Pro 5 16IAX10 83F3002GVN - Intel Ultra 9-275HX | RTX 5070 | 16 Inch WQXGA OLED 100%DCI-P3,https://laptop88.vn/new-100-laptop-lenovo-legion-pro-5-16iax10-83f3002gvn-intel-ultra-9-275hx-rtx-5070-16-inch-wqxga
[New 100%] Lenovo Legion Pro 7 16IAX10H 83F5008WVN - Intel Core Ultra 9-275HX | RTX 5080,https://laptop88.vn/new-100-lenovo-legion-pro-7-16iax10h-83f5008wvn-intel-core-ultra-9-275hx-rtx-5080
[New 100%] Laptop Lenovo Yoga 7 2 in 1 14ILL10 83JQ0049VN - Intel Ultra 7 258V | 32GB | 1TB | 14 2.8K Oled Touch,https://laptop88.vn/new-100-laptop-lenovo-yoga-7-2-in-1-14ill10-83jq0049vn-intel-ultra-7-258v-32gb-1tb-14-28k-oled-touch
[New 100%] Laptop Lenovo IdeaPad Slim 3 15IRH10 83K1002PVN - Intel Core i5 13420H | 15.6 Inch OLED WQXGA 165Hz,https://laptop88.vn/new-100-laptop-lenovo-ideapad-slim-3-15irh10-83k1002pvn-intel-core-i5-12420h-16-inch-oled-wqxga-165hz
[New 100%] Laptop Lenovo Yoga Slim 7 14ILL10 83JX0037VN - Intel Core Ultra 7 258V | 32GB | 1TB | 14 Inch 2.8K OLED,https://laptop88.vn/new-100-laptop-lenovo-yoga-slim-7-14ill10-83jx0037vn-intel-core-ultra-7-258v-32gb-1tb-14-inch-28k-oled
"[New 100%] Laptop Yoga Slim 9 14ILL10 83CX001AVN - Intel Ultra 7 258V | 32GB | 1TB | 14"" WQUXGA OLED",https://laptop88.vn/new-100-laptop-yoga-slim-9-14ill10-83cx001avn-intel-ultra-7-258v-32gb-1tb-14-wquxga-oled
[New 100%] Laptop ASUS ZenBook A14 UX3407QA-QD299WS - Snapdragon X X1 26 100 | 16GB | SSD 512GB | 14 inch Full HD+ OLED,https://laptop88.vn/new-100-laptop-asus-zenbook-a14-ux3407qa-qd299ws-snapdragon-x-x1-26-100-16gb-ssd-512gb-14-inch-full-hd
[New 100%] Laptop Asus Vivobook S16 S5606CA-RI114WS - Intel Core Ultra 5 225H | 16GB | 512TB SSD | 16 Inch 3K,https://laptop88.vn/new-100-laptop-asus-vivobook-s16-s5606ca-ri114ws-intel-core-ultra-5-225h-16gb-512tb-ssd-16-inch-3k
[New 100%] Laptop Lenovo IdeaPad 5 2in1 14Q8X9 83GH001FVN - Snap X Plus X1P-42-100 | 16GB DDR5 | SSD 512GB | 14 inch Full HD+ 100% DCI-P3 OLED,https://laptop88.vn/new-100-laptop-lenovo-ideapad-5-2in1-14q8x9-83gh001fvn-snap-x-plus-x1p-42-100-16gb-ddr5-ssd-512gb-14-inch-full-hd-100-dci-p3-oled
[New 100%] Laptop MSI Vector 16 HX AI A2XWJG 470VN - Intel Core Ultra 9 275HX | RTX 5090 | 16 Inch QHD+ 240Hz,https://laptop88.vn/new-100-laptop-msi-vector-16-hx-ai-a2xwig-062vn-intel-core-ultra-9-275hx-up-to-rtx-5080-16-inch-qhd-240hz
[New 100%] Laptop Lenovo Yoga Slim 9 14ILL10 83CX002UVN - Intel Core Ultra 7 258V | 32GB | 14 Inch 4K OLED,https://laptop88.vn/new-100-laptop-lenovo-yoga-slim-9-14ill10-2025-intel-core-ultra-7-258v-32gb-14-inch-4k-oled
[New 100%] Laptop Lenovo Yoga Pro 7 14ASP9 83HN0022VN - AMD Ryzen AI 9 365 | RAM 32GB | 1TB | AMD Radeon™ 880M | 14.5inch 2.8K OLED |,https://laptop88.vn/new-100-laptop-lenovo-yoga-pro-7-14asp9-83hn0022vn-amd-ryzen-ai-9-365-32gb-1tb-amd-radeon-880m-14-5inch-2-8k-oled
[New 100%] Laptop Lenovo IdeaPad Slim 5 14IMH9 83DA0020VN | Intel Core Ultra 7-155H | 32GB | 14 Inch WUXGA OLED 100% DCI-P3,https://laptop88.vn/new-100-laptop-lenovo-ideapad-slim-5-14imh9-83da0020vn-intel-core-ultra-7-155h-32gb-14-inch-wuxga-oled-100-dci-p3.html
"[New 100%] Laptop Lenovo Yoga Pro 7 14IMH9V 83E2005DVN Ultra 7-155H | 32GB | 1TB SSD | RTX4050 | 14.5"" 2.8K 100% DCI-P3 OLED",https://laptop88.vn/new-100-laptop-lenovo-yoga-pro-7-14imh9v-83e2005dvn-ultra-7-155h-32gb-1tb-ssd-rtx4050-14.5-quot-2.8k-100-dci-p3-oled.html
[New 100%] Laptop Lenovo Legion 9 16IRX9 83G0001AVN | Intel Core™ i9-14900HX | 64GB DDR5 | 2TB SSD | RTX™ 4090 16GB | 16 inch 3.2K 100% DCI-P3 165Hz,https://laptop88.vn/new-100-laptop-lenovo-legion-9-16irx9-83g0001avn-intel-core-i9-14900hx-64gb-ddr5-2tb-ssd-rtx-4090-16gb-16-inch-3.2k-100-dci-p3-165hz.html
[New 100%] Laptop HP 15-fd1037TU 9Z2W5PA / 15-fd1039TU 9Z2W7PA - Intel Core 7 150U,https://laptop88.vn/new-100-laptop-hp-15-fd1037tu-9z2w5pa-15-fd1039tu-9z2w7pa-intel-core-ultra-7-150u.html
[New 100%] Laptop Lenovo LOQ 15IRX9 83DV01H3VN - Intel Core i7-13650HX | RTX 4050 | 15.6 inch 144Hz 100% sRGB,https://laptop88.vn/new-100-laptop-lenovo-loq-15irx9-83dv00d5vn-intel-core-i7-13650hx-rtx-4050-15.6-inch-144hz-100-srgb.html
[New 100%] Laptop Lenovo Yoga Slim 7 14IMH9 83CV001UVN - Intel Core Ultra 7 155H | 32GB | 14 Inch WUXGA,https://laptop88.vn/new-100-laptop-lenovo-yoga-slim-7-14imh9-83cv001uvn-intel-core-ultra-7-155h-32gb-14-inch-wuxga.html
[New 100%] Laptop MSI Raider GE78HX 13VH-076VN - Intel Core i9 -13950HX | RTX 4080 | 17 Inch QHD 240Hz,https://laptop88.vn/new-100-laptop-msi-raider-ge78hx-13vh-076vn-intel-core-i9-13950hx-rtx-4080-17-inch-qhd-240hz-1.html
[New 100%] Laptop MSI Titan GT77HX 13VI-077VN - Intel Core i9 -13980HX | RTX 4090 | 17.3 Inch UHD  144Hz,https://laptop88.vn/new-100-laptop-msi-titan-gt77hx-13vi-077vn-intel-core-i9-13980hx-rtx-4090-17.3-inch-uhd-144hz.html
