name,url
Dịch vụ lắp ráp cài đặt Laptop/ PC,https://xgear.net/products/dich-vu-lap-rap-cai-dat-laptop-pc
Dịch vụ vệ sinh,https://xgear.net/products/dich-vu-ve-sinh-laptop-pc
Laptop Acer Gaming Aspire 7 A715 59G 79XF,https://xgear.net/products/laptop-acer-gaming-aspire-7-a715-59g-79xf
Laptop Acer Gaming Nitro ProPanel AN16S-61-R7ZJ,https://xgear.net/products/laptop-acer-gaming-nitro-propanel-an16s-61-r7zj-nh-qxfsv-002
Laptop Acer Gaming Nitro ProPanel AN16S-61-R9CN,https://xgear.net/products/laptop-acer-gaming-nitro-propanel-an16s-61-r9cn-nh-qxgsv-001
"Laptop Acer Gaming Nitro V ANV15-41-R2UP (Ryzen 5 6600H, RTX 2050, 144Hz)",https://xgear.net/products/laptop-acer-gaming-nitro-v-anv15-41-r2up
Laptop Gaming Acer Nitro 5 Eagle AN515 57 54MV / 553E,https://xgear.net/products/laptop-acer-nitro-5-an515-57-54mv
Laptop Gaming Acer Nitro 5 Tiger AN515 58 52SP i5 12500H/8GB/512GB/15.6F 144Hz/RTX3050 4GB/Win11,https://xgear.net/products/laptop-acer-nitro-5-tiger-an515-58-52sp
Laptop Gaming Acer Nitro ProPanel ANV16-72-782F,https://xgear.net/products/laptop-acer-nitro-propanel-anv16-72-782f
Laptop Acer Predator Helios 18 PH18 71 981G,https://xgear.net/products/laptop-acer-predator-helios-18-ph18-71-981g
Laptop ASUS ProArt P16 H7606WP SR335W,https://xgear.net/products/laptop-asus-proart-p16-h7606wp-sr335w
Laptop ASUS ROG Flow Z13 GZ302EAC-RU184WS (Ryzen AI MAX+ 395 | Radeon 8060S | 128GB | 1TB | 2.5K),https://xgear.net/products/laptop-asus-rog-flow-z13-gz302eac-ru184ws
Laptop Gaming ASUS ROG Zephyrus G16 GU606AW TB121W (Ultra 9 386H | RTX 5080 | 32GB | 1TB | 16.0 WQXGA OLED 240Hz),https://xgear.net/products/laptop-asus-rog-gu606aw-tb121w-u9
Laptop ASUS ROG Strix G16 G614PH-S5101W (Ryzen 9 | RTX 5050 | 16GB | 512GB | 2.5K ),https://xgear.net/products/laptop-asus-rog-strix-g16-g614ph-s5101w
Laptop ASUS ROG Strix G16 G614PH-TS118W,https://xgear.net/products/laptop-asus-rog-strix-g16-g614ph-ts118w
Laptop ASUS ROG Strix G16 G614PM-RV233W (Ryzen 9 8940HX | RTX 5060 | 16GB | 512GB | 16 inch),https://xgear.net/products/laptop-asus-rog-strix-g16-g614pm-rv233w
Laptop ASUS ROG Strix G16 G614PM-S5181WS (Ryzen 9 | RTX 5060 | 16GB | 1TB | 2.5K),https://xgear.net/products/laptop-asus-rog-strix-g16-g614pm-s5181ws
Laptop ASUS ROG Strix G16 G614PM-TS147W (Ryzen 9 8940HX | RTX 5060 | 16GB | 512GB | 2.5K),https://xgear.net/products/laptop-asus-rog-strix-g16-g614pm-ts147w
Laptop ASUS ROG Strix G16 G614PP TS112W (Ryzen 9 8940HX | RTX 5070 | 16GB | 512GB | 16 inch),https://xgear.net/products/laptop-asus-rog-strix-g16-g614ppts112w
Laptop ASUS ROG Strix G16 G614PR TS103W (Ryzen 9 8940HX | RTX 5070Ti | 16GB | 512GB | 16 inch 2.5K 100% sRGB),https://xgear.net/products/laptop-asus-rog-strix-g16-g614pr-ts103w
Laptop ASUS ROG Strix G16 G614PW TS051W (Ryzen 9 8940HX | RTX 5080 | 16GB | 1TB | 16 inch),https://xgear.net/products/laptop-asus-rog-strix-g16-g614pw-ts051w
Laptop ASUS ROG Strix G16 G615JHR-S5069W,https://xgear.net/products/laptop-asus-rog-strix-g16-g615jhr-s5069w
Laptop ASUS ROG Strix G16 G615JMR-S5155W (Core i7 14650HX | RTX 5060 | 32GB | 1TB | 2.5K),https://xgear.net/products/laptop-asus-rog-strix-g16-g615jmr-s5155w
Laptop ASUS ROG Strix G16 G615JPR-S5107W (i7-14650HX | RTX 5070 | 32GB | 1TB | 2.5K),https://xgear.net/products/laptop-asus-rog-strix-g16-g615jpr-s5107w
Laptop ASUS ROG Strix G16 G615LR-S5238W,https://xgear.net/products/laptop-asus-rog-strix-g16-g615lr-s5238w
Laptop ASUS ROG Strix G16 G615LR-S5289W,https://xgear.net/products/laptop-asus-rog-strix-g16-g615lr-s5289w
Laptop ASUS ROG Strix G16 G615LW-S5135W,https://xgear.net/products/laptop-asus-rog-strix-g16-g615lw-s5135w
Laptop ASUS ROG Strix G16 G615LW-S5219W,https://xgear.net/products/laptop-asus-rog-strix-g16-g615lw-s5219w
Laptop ASUS ROG Zephyrus G14 GU405AW-SY029W,https://xgear.net/products/laptop-asus-rog-zephyrus-g14-gu405aw-sy029w
Laptop Gaming ASUS ROG Zephyrus G16 GU606AW TB052WS (Ultra 9 386H | RTX 5080 | 64GB | 1TB | 16.0 WQXGA OLED 240Hz),https://xgear.net/products/laptop-asus-rog-zephyrus-gu606aw-tb052ws
Laptop Asus TUF F16 FX608JHI-TU210W,https://xgear.net/products/laptop-asus-tuf-f16-fx608jhi-tu210w
Laptop Gaming ASUS TUF A16 FA608UHI TU121W (AMD Ryzen 7 260 | 16GB | 512GB | RTX 5050 | 16.0 FHD+ 144Hz),https://xgear.net/products/laptop-asus-tuf-fa608uhi-tu121w
Laptop ASUS TUF Gaming A14 FA401EA-RG034W (Ryzen AI MAX+ 392 | Radeon 8060S | 64GB | 1TB | 2.5K),https://xgear.net/products/laptop-asus-tuf-gaming-a14-fa401ea-rg034w
Laptop ASUS TUF Gaming A14 FA401GM-RG013W (Ryzen AI 9 465 | RTX 5060 | 32GB | 1TB | 2.5K),https://xgear.net/products/laptop-asus-tuf-gaming-a14-fa401gm-rg013w
Laptop ASUS TUF Gaming A14 FA401KM-RG010WS (Ryzen AI 7 | RTX 5060 | 32GB | 1TB | 2.5K),https://xgear.net/products/laptop-asus-tuf-gaming-a14-fa401km-rg010ws-ryzen-ai-7-rtx-5060
Laptop Asus TUF Gaming A15 FA506NCG-HN184W (Ryzen 7 | RTX 3050 | 16GB | 512GB | FHD),https://xgear.net/products/laptop-asus-tuf-gaming-a15-fa506ncg-hn184w
Laptop ASUS TUF Gaming A16 FA608UH-RV106W ( Ryzen 7 | RTX 5050 | 16GB | 512GB | 16 inch),https://xgear.net/products/laptop-asus-tuf-gaming-a16-fa608uh-rv106w
Laptop Gaming ASUS TUF A16 FA608UMI TU162W (AMD Ryzen 7 260 | 16GB| 512GB| RTX 5060 | 16.0 FHD+ 144Hz),https://xgear.net/products/laptop-asus-tuf-gaming-a16-fa608umi-tu162w
Laptop ASUS TUF Gaming F16 FX608JH-RV039W,https://xgear.net/products/laptop-asus-tuf-gaming-f16-fx608jh-rv039w
Laptop ASUS TUF Gaming F16 FX608JH-RV131W (i5-13450HX | RTX 5050 | 32GB | 512GB | 100% sRGB),https://xgear.net/products/laptop-asus-tuf-gaming-f16-fx608jh-rv131w
Laptop Gaming ASUS TUF Gaming F16 FX608JHR-RV037W (Core i7-14650HX | RTX 5050 | 16GB | 1TB | 100% sRGB),https://xgear.net/products/laptop-asus-tuf-gaming-f16-fx608jhr-rv037w
Laptop ASUS TUF Gaming F16 FX608JMR-RV048W,https://xgear.net/products/laptop-asus-tuf-gaming-f16-fx608jmr-rv048w
Laptop ASUS TUF Gaming F16 FX608JPR-RV044W,https://xgear.net/products/laptop-asus-tuf-gaming-f16-fx608jpr-rv044w
Laptop Gaming ASUS TUF A14 FA401EA RG041W ( AMD Ryzen AI MAX+ 392 | Radeon 8060S| 32GB | 512GB | 14.0 WQXGA 165Hz ),https://xgear.net/products/laptop-asus-tuf-gaming-fa401ea-rg041w
Laptop Asus TUF Gaming FA506NCQ - HN005W,https://xgear.net/products/laptop-asus-tuf-gaming-fa506ncq-hn005w
Laptop ASUS Vivobook 16X K3605VC-RP491W,https://xgear.net/products/laptop-asus-vivobook-16x-k3605vc-rp491w
Laptop ASUS Zenbook DUO UX8407AA-SN138WS (Ultra X9 388H | Arc™ Graphics | 32 GB | 1TB | 14 inch),https://xgear.net/products/laptop-asus-zenbook-duo-ux8407aa-sn138ws
Laptop Gaming Acer Aspire 7 A715 59G 53GZ,https://xgear.net/products/laptop-gaming-acer-aspire-7-a715-59g-53gz
Laptop Gaming Acer Aspire 7 A715 59G 73LB,https://xgear.net/products/laptop-gaming-acer-aspire-7-a715-59g-73lb
Laptop Gaming Acer Aspire 7 A715 59G 78WG,https://xgear.net/products/laptop-gaming-acer-aspire-7-a715-59g-78wg
Laptop Gaming Acer Nitro 16 AI ProPanel AN16S 61 R5F4,https://xgear.net/products/laptop-gaming-acer-nitro-16-ai-propanel-an16s-61-r5f4
Laptop Gaming Nitro ProPanel ANV15-42-R5EF,https://xgear.net/products/laptop-gaming-acer-nitro-anv15-42-r5ef
Laptop Gaming Nitro ProPanel ANV16S-71-58WQ,https://xgear.net/products/laptop-gaming-acer-nitro-anv16s-71-58wq
Laptop Gaming Nitro ProPanel ANV16-72-71T9,https://xgear.net/products/laptop-gaming-acer-nitro-anv16s-71-71t9
"Laptop Gaming Acer Nitro Lite 16 NL16 71G 56WQ (Intel Core i5-13420H, RTX 3050 6GB, 165Hz)",https://xgear.net/products/laptop-gaming-acer-nitro-lite-16-nl16-71g-56wq
Laptop Gaming Acer Nitro Lite 16 NL16-71G 71FN,https://xgear.net/products/laptop-gaming-acer-nitro-lite-16-nl16-71g-71fn
Laptop Gaming Acer Nitro Lite 16 NL16 71G 71UJ (Core i7 | RTX 3050 | 16GB | 512GB | 16 inch),https://xgear.net/products/laptop-gaming-acer-nitro-lite-16-nl16-71g-71uj
Laptop Gaming Acer Nitro ProPanel ANV15-42-R9EH,https://xgear.net/products/laptop-gaming-acer-nitro-propanel-anv15-42-r9eh
Laptop gaming Acer Nitro ProPanel ANV15-52-50RB,https://xgear.net/products/laptop-gaming-acer-nitro-propanel-anv15-52-50rb
Laptop Gaming Acer Nitro ProPanel ANV15-52-74UM,https://xgear.net/products/laptop-gaming-acer-nitro-propanel-anv15-52-74um
Laptop Gaming Nitro ProPanel ANV15-41-R0FE,https://xgear.net/products/laptop-gaming-acer-nitro-v-15-propanel-anv15-41-r0fe
Laptop gaming Acer Nitro V 15 ProPanel ANV15 41 R0Y4,https://xgear.net/products/laptop-gaming-acer-nitro-v-15-propanel-anv15-41-r0y4
Laptop Gaming Nitro ProPanel ANV15-41-R7CR,https://xgear.net/products/laptop-gaming-acer-nitro-v-15-propanel-anv15-41-r7cr
Laptop Gaming Acer Nitro V 15 ProPanel ANV15-51-534U,https://xgear.net/products/laptop-gaming-acer-nitro-v-15-propanel-anv15-51-534u
Laptop Gaming Nitro ProPanel ANV15-52-50VA,https://xgear.net/products/laptop-gaming-acer-nitro-v-15-propanel-anv15-52-50va
Laptop Gaming Acer Nitro V 15 ProPanel ANV15-52-59RR (Core 5 | RTX 5050 | 16GB | 512GB | 100% sRGB),https://xgear.net/products/laptop-gaming-acer-nitro-v-15-propanel-anv15-52-59rr
Laptop Gaming Nitro ProPanel ANV15-52-73Z8,https://xgear.net/products/laptop-gaming-acer-nitro-v-15-propanel-anv15-52-73z8
Laptop Gaming Nitro ProPanel AN16S-61-R193,https://xgear.net/products/laptop-gaming-acer-nitro-v-16s-ai-propanel-an16s-61-r193
Laptop Gaming Nitro ProPanel ANV16S-41-R337,https://xgear.net/products/laptop-gaming-acer-nitro-v-16s-ai-propanel-anv16s-41-r337
Laptop Gaming Nitro ProPanel ANV16S-61-R0B8,https://xgear.net/products/laptop-gaming-acer-nitro-v-16s-ai-propanel-anv16s-61-r0b8
Laptop Gaming Nitro ProPanel ANV16S-61-R7KQ,https://xgear.net/products/laptop-gaming-acer-nitro-v-16s-ai-propanel-anv16s-61-r7kq
Laptop Gaming Nitro ProPanel ANV16S-61-R9ZV,https://xgear.net/products/laptop-gaming-acer-nitro-v-16s-ai-propanel-anv16s-61-r9zv
Laptop Gaming Acer Nitro V 16S AI ProPanel ANV16S 71 75LR,https://xgear.net/products/laptop-gaming-acer-nitro-v-16s-ai-propanel-anv16s-71-75lr
Laptop gaming Acer Nitro V ANV15-41-R1JY,https://xgear.net/products/laptop-gaming-acer-nitro-v-anv15-41-r1jy
Laptop gaming Acer Nitro V ANV15-41-R732,https://xgear.net/products/laptop-gaming-acer-nitro-v-anv15-41-r732
Laptop Gaming Acer Nitro V ANV15 41 R9M1,https://xgear.net/products/laptop-gaming-acer-nitro-v-anv15-41-r9m1
Laptop Gaming Acer Nitro V ANV16 41 R36Y,https://xgear.net/products/laptop-gaming-acer-nitro-v-anv16-41-r36y-nh-qp1sv-004
Laptop Gaming Acer Nitro V ANV16 41 R6ZY,https://xgear.net/products/laptop-gaming-acer-nitro-v-anv16-41-r6zy
Laptop Gaming Acer Nitro V ANV16 41 R7EN,https://xgear.net/products/laptop-gaming-acer-nitro-v-anv16-41-r7en-nh-qp2sv-004
Laptop gaming Acer Nitro V ProPanel ANV15 52 59AA,https://xgear.net/products/laptop-gaming-acer-nitro-v-propanel-anv15-52-59aa
Laptop Gaming Acer Nitro V ProPanel ANV15 52 72BM,https://xgear.net/products/laptop-gaming-acer-nitro-v-propanel-anv15-52-72bm
Laptop Gaming Acer Predator Helios 16 AI PH16 73 950C,https://xgear.net/products/laptop-gaming-acer-predator-helios-16-ai-ph16-73-950c
Laptop Gaming Acer Predator Helios 18 PH18 73 93P0,https://xgear.net/products/laptop-gaming-acer-predator-helios-18-ph18-73-93p0
Laptop Gaming Acer Predator Helios 18 PH18 73 98AQ,https://xgear.net/products/laptop-gaming-acer-predator-helios-18-ph18-73-98aq
Laptop gaming Acer Predator Helios Neo 14 PHN14 51 99Y8,https://xgear.net/products/laptop-gaming-acer-predator-helios-neo-14-phn14-51-99y8
Laptop Gaming Acer Predator Helios Neo 16 AI PHN16 73 757W,https://xgear.net/products/laptop-gaming-acer-predator-helios-neo-16-ai-phn16-73-757w
Laptop Gaming Acer Predator Helios Neo 16 AI PHN16 73 98S4,https://xgear.net/products/laptop-gaming-acer-predator-helios-neo-16-ai-phn16-73-98s4
Laptop gaming Acer Predator Helios Neo 16 PHN16 I31 72XE,https://xgear.net/products/laptop-gaming-acer-predator-helios-neo-16-phn16-i31-72xe
Laptop gaming Acer Predator Helios Neo 16 PHN16 I31 74MN,https://xgear.net/products/laptop-gaming-acer-predator-helios-neo-16-phn16-i31-74mn
Laptop gaming Acer Predator Helios Neo 16S PHN16S 71 95MS,https://xgear.net/products/laptop-gaming-acer-predator-helios-neo-16s-phn16s-71-95ms
Laptop gaming Acer Predator Helios Neo 16 PHN16 I31 50H7,https://xgear.net/products/laptop-gaming-acer-predator-helios-phn16-i31-50h7
Laptop gaming Acer Predator Triton 14 AI PT14-52T-99TU,https://xgear.net/products/laptop-gaming-acer-predator-triton-14-ai-pt14-52t-99tu
Laptop gaming Acer Predator Triton Neo 16 PTN16 51 78JQ,https://xgear.net/products/laptop-gaming-acer-predator-triton-neo-16-ptn16-51-78jq
Laptop Gaming AI ASUS ROG Zephyrus G14 GA403WM-QS058WS (Ryzen AI 9 | RTX 5060 | 32 GB | 1 TB | 3K),https://xgear.net/products/laptop-gaming-ai-asus-rog-zephyrus-g14-ga403wm-qs058ws
Laptop Gaming Asus AI V16 K3607VJ-RP092W,https://xgear.net/products/laptop-gaming-asus-ai-v16-k3607vj-rp092w
Laptop Gaming Asus AI V16 K3607VJ-RP106W,https://xgear.net/products/laptop-gaming-asus-ai-v16-k3607vj-rp106w
Laptop Gaming Asus AI V16 K3607VU-RP280W,https://xgear.net/products/laptop-gaming-asus-ai-v16-k3607vu-rp280w
Laptop Gaming Asus AI V16 V3607VH-RP024W (Core 5 | RTX 5050 | 16GB | 512GB | 16 inch),https://xgear.net/products/laptop-gaming-asus-ai-v16-v3607vh-rp024w
Laptop Gaming Asus AI V16 V3607VH-RP025W (Core 7 240H | RTX 5050 | 16GB | 512GB | 16 inch),https://xgear.net/products/laptop-gaming-asus-ai-v16-v3607vh-rp025w
Laptop Gaming Asus AI V16 V3607VH-RP084W (Core 5-210H | RTX 5050 | 16GB | 512GB | 16 inch),https://xgear.net/products/laptop-gaming-asus-ai-v16-v3607vh-rp084w
Laptop Gaming Asus AI V16 V3607VJ-RP071W (Core 5 210H | RTX 3050 | 16GB | 512GB | 16 inch),https://xgear.net/products/laptop-gaming-asus-ai-v16-v3607vj-rp071w
Laptop Gaming Asus AI V16 V3607VJ-TK189W (Core 5 | RTX 3050 | 16GB | 512GB | 144Hz),https://xgear.net/products/laptop-gaming-asus-ai-v16-v3607vj-tk189w-core-5-rtx-3050-16gb-512gb-144hz
Laptop Gaming Asus AI V16 V3607VM-RP044W,https://xgear.net/products/laptop-gaming-asus-ai-v16-v3607vm-rp044w
Laptop Gaming Asus AI V16 V3607VU-RP192W,https://xgear.net/products/laptop-gaming-asus-ai-v16-v3607vu-rp192w
Laptop Gaming Asus AI V16 V3607VU-RP216W (Core 7 | RTX 4050 | 16GB | 512GB | 16 inch),https://xgear.net/products/laptop-gaming-asus-ai-v16-v3607vu-rp216w
Laptop Gaming Asus AI V16 V3607VU-RP290W (Core 5 | RTX 4050 | 16GB | 512GB | 144Hz),https://xgear.net/products/laptop-gaming-asus-ai-v16-v3607vu-rp290w
Laptop Gaming Asus AI V16 V3607VU-RP343W,https://xgear.net/products/laptop-gaming-asus-ai-v16-v3607vu-rp343w
Laptop Gaming ASUS ROG Flow Z13 GZ302EA-RU145WS (Ryzen AI MAX | AMD Radeon | 128GB | 1TB | 2.5K),https://xgear.net/products/laptop-gaming-asus-rog-flow-z13-gz302ea-ru145ws
Laptop Gaming ASUS ROG Zephyrus G14 GA403GM-SY164W (AMD Ryzen AI 9 465 | RTX 5060 | 16GB | 512GB | 14.0 3K OLED 120Hz),https://xgear.net/products/laptop-gaming-asus-rog-ga403gm-sy164w
Laptop Gaming Asus ROG Strix G15 G513IE HN729W,https://xgear.net/products/laptop-gaming-asus-rog-strix-g15-g513ie-hn729w
Laptop Gaming Asus ROG Strix G16 G614PH - RV176W ( Ryzen 9 8940HX | 16GB | 512GB | RTX 5050 ),https://xgear.net/products/laptop-gaming-asus-rog-strix-g16-g614ph-rv176w
Laptop Gaming Asus ROG Strix G16 G615LR-S5335W (Ultra 9 275HX | RTX 5070Ti | 32GB | 1TB | 2.5K),https://xgear.net/products/laptop-gaming-asus-rog-strix-g16-g615lr-s5335w
Laptop Gaming ASUS ROG Strix G18 G815JPR-S9057W,https://xgear.net/products/laptop-gaming-asus-rog-strix-g18-g815jpr-s9057w
Laptop Gaming Asus ROG Strix G18 G815LM-S9088W,https://xgear.net/products/laptop-gaming-asus-rog-strix-g18-g815lm-s9088w
Laptop Gaming Asus ROG Strix G18 G815LP-S9102W,https://xgear.net/products/laptop-gaming-asus-rog-strix-g18-g815lp-s9102w
Laptop Gaming ASUS ROG Strix G18 G815LR-S9211W,https://xgear.net/products/laptop-gaming-asus-rog-strix-g18-g815lr-s9211w
Laptop Gaming Asus ROG Strix G18 G815LR-S9270W (Ultra 9 275HX | RTX 5070Ti | 32GB | 1TB | 2.5K),https://xgear.net/products/laptop-gaming-asus-rog-strix-g18-g815lr-s9270w
Laptop Gaming ASUS ROG Strix G18 G815LW-S9164W,https://xgear.net/products/laptop-gaming-asus-rog-strix-g18-g815lw-s9164w
Laptop Gaming Asus ROG Strix SCAR 16 G635LR-RW118W,https://xgear.net/products/laptop-gaming-asus-rog-strix-scar-16-g635lr-rw118w
Laptop Gaming Asus ROG Strix SCAR 16 G635LW-RW175W (Ultra 9 | RTX 5080 | 64GB | 4TB | 2.5K),https://xgear.net/products/laptop-gaming-asus-rog-strix-scar-16-g635lw-rw175w
Laptop Gaming Asus ROG Strix SCAR 16 G635LX-RW179W,https://xgear.net/products/laptop-gaming-asus-rog-strix-scar-16-g635lx-rw179w
Laptop Gaming Asus ROG Strix SCAR 16 G635LX-RW192W,https://xgear.net/products/laptop-gaming-asus-rog-strix-scar-16-g635lx-rw192w
Laptop Gaming Asus ROG Strix SCAR 18 G835LR-SA111W,https://xgear.net/products/laptop-gaming-asus-rog-strix-scar-18-g835lr-sa111w
Laptop Gaming Asus ROG Strix SCAR 18 G835LR-SA130W,https://xgear.net/products/laptop-gaming-asus-rog-strix-scar-18-g835lr-sa130w
Laptop Gaming Asus ROG Strix SCAR 18 G835LW-SA172W,https://xgear.net/products/laptop-gaming-asus-rog-strix-scar-18-g835lw-sa172w
Laptop Gaming Asus ROG Strix SCAR 18 G835LW-SA193W,https://xgear.net/products/laptop-gaming-asus-rog-strix-scar-18-g835lw-sa193w
Laptop Gaming Asus ROG Strix SCAR 18 G835LX-SA193W,https://xgear.net/products/laptop-gaming-asus-rog-strix-scar-18-g835lx-sa193w
Laptop Gaming ASUS ROG Strix SCAR 18 G835LX-SA208W (Ultra 9 | RTX 5090 | 64GB | 2TB | 2.5K),https://xgear.net/products/laptop-gaming-asus-rog-strix-scar-18-g835lx-sa208w
Laptop Gaming Asus ROG Strix Scar 18 G835LXG - TQ473W ( Ultra 9 290HX | 32GB | 2TB | RTX 5090 24GB ),https://xgear.net/products/laptop-gaming-asus-rog-strix-scar-18-g835lxg-tq473w
Laptop Gaming ASUS ROG Zephyrus Duo GX651AX-SR050WS (Ultra 9 386H | RTX 5090 | 64GB | 2TB | 16 inch 3K OLED),https://xgear.net/products/laptop-gaming-asus-rog-zephyrus-duo-gx651ax-sr050ws
"Laptop Asus ROG Zephyrus G14 GA403GM SY004W (Ryzen AI 9 465, RTX 5060 8GB GDDR7, 3K OLED)",https://xgear.net/products/laptop-gaming-asus-rog-zephyrus-g14-ga403gm-sy004w
Laptop Gaming Asus ROG Zephyrus G14 GA403WM-QS019WS,https://xgear.net/products/laptop-gaming-asus-rog-zephyrus-g14-ga403wm-qs019ws
Laptop Gaming Asus ROG Zephyrus G14 GA403WM-QS051WS (Ryzen AI 9 | RTX 5060 | 32GB | 1TB | 3K),https://xgear.net/products/laptop-gaming-asus-rog-zephyrus-g14-ga403wm-qs051ws
Laptop Gaming ASUS ROG Zephyrus G14 GA403WP-QS045WS (Ryzen AI 9 | RTX 5070 | 32GB | 1TB | 3K),https://xgear.net/products/laptop-gaming-asus-rog-zephyrus-g14-ga403wp-qs045ws
Laptop Gaming Asus ROG Zephyrus G14 GA403WR-QS103WS,https://xgear.net/products/laptop-gaming-asus-rog-zephyrus-g14-ga403wr-qs103ws
Laptop Gaming Asus ROG Zephyrus G14 GA403WR-QS156WS,https://xgear.net/products/laptop-gaming-asus-rog-zephyrus-g14-ga403wr-qs156ws
Laptop Gaming Asus ROG Zephyrus G14 GA403WW-QS098WS,https://xgear.net/products/laptop-gaming-asus-rog-zephyrus-g14-ga403ww-qs098ws
Laptop Gaming Asus ROG Zephyrus G14 GA403WW-QS136WS,https://xgear.net/products/laptop-gaming-asus-rog-zephyrus-g14-ga403ww-qs136ws
Laptop Gaming Asus ROG Zephyrus G14 GA403WW-QS145WS (Ryzen AI 9 | RTX 5080 | 32GB | 2TB | 3K),https://xgear.net/products/laptop-gaming-asus-rog-zephyrus-g14-ga403ww-qs145ws
Laptop Gaming Asus ROG Zephyrus G14 GU405AR SY016W (Ultra 9 386H | RTX 5070 Ti | 32GB | 1TB | 14 inch),https://xgear.net/products/laptop-gaming-asus-rog-zephyrus-g14-gu405ar-sy016w
Laptop Gaming Asus ROG Zephyrus G16 GU605CM-QR039W,https://xgear.net/products/laptop-gaming-asus-rog-zephyrus-g16-gu605cm-qr039w
Laptop Gaming Asus ROG Zephyrus G16 GU605CM-QR078W (Ultra 9 | RTX 5060 | 32GB | 1TB | 2.5K),https://xgear.net/products/laptop-gaming-asus-rog-zephyrus-g16-gu605cm-qr078w
Laptop Gaming Asus ROG Zephyrus G16 GU605CR-QR107W (Ultra 9 285H | RTX 5070Ti | 32GB | 1TB | 2.5K),https://xgear.net/products/laptop-gaming-asus-rog-zephyrus-g16-gu605cr-qr107w
Laptop Gaming Asus ROG Zephyrus G16 GU605CR-QR137W,https://xgear.net/products/laptop-gaming-asus-rog-zephyrus-g16-gu605cr-qr137w
Laptop Gaming Asus ROG Zephyrus G16 GU605CR-QR265WS (Ultra 9 | RTX 5070 Ti | 32GB | 1TB | 2.5K),https://xgear.net/products/laptop-gaming-asus-rog-zephyrus-g16-gu605cr-qr265ws
Laptop Gaming Asus ROG Zephyrus G16 GU605CX-QR083W,https://xgear.net/products/laptop-gaming-asus-rog-zephyrus-g16-gu605cx-qr083w
Laptop Gaming Asus ROG Zephyrus G16 GU605CX-QR147W,https://xgear.net/products/laptop-gaming-asus-rog-zephyrus-g16-gu605cx-qr147w
Laptop Gaming Asus ROG Zephyrus G16 GU606AM-TB032W (Ultra 9 386H | RTX 5060 | 32GB | 1TB | 16 inch),https://xgear.net/products/laptop-gaming-asus-rog-zephyrus-g16-gu606am-tb032w
Laptop Gaming Asus ROG Zephyrus G16 GU606AR-TB027W (Core Ultra 9 386H | RTX 5070Ti | 32GB | 1TB | 16 inch 2.5K OLED),https://xgear.net/products/laptop-gaming-asus-rog-zephyrus-g16-gu606ar-tb027w
Laptop Gaming Asus ROG Zephyrus G16 GU606AX-TB042WS (Ultra 9 386H | 64GB | 2TB | RTX 5090 24GB | 16inch OLED 240Hz),https://xgear.net/products/laptop-gaming-asus-rog-zephyrus-g16-gu606ax-tb042ws
Laptop Gaming Asus TUF A15 FA507NU LP045W,https://xgear.net/products/laptop-gaming-asus-tuf-a15-fa507nu-lp045w
Laptop Gaming Asus TUF A15 FA507XI LP420W,https://xgear.net/products/laptop-gaming-asus-tuf-a15-fa507xi-lp420w
Laptop Gaming Asus TUF A16 FA607NUG-RL129W,https://xgear.net/products/laptop-gaming-asus-tuf-a16-fa607nug-rl129w
Laptop Gaming Asus TUF A16 FA607NUQ RL007W (Ryzen 7 170 | RTX 4050 | 16GB | 512 GB | 16 inch),https://xgear.net/products/laptop-gaming-asus-tuf-a16-fa607nuq-rl007w
Laptop Gaming Asus TUF A16 FA608PP-RV089W (Ryzen 9 8940HX | RTX 5070 | 16GB | 512GB | 16 inch),https://xgear.net/products/laptop-gaming-asus-tuf-f16-fa608pp-rv089w
Laptop Gaming Asus TUF A16 FA608UM-RV266W (Ryzen 7 260 | RTX 5060 | 16GB | 512GB | 16 inch),https://xgear.net/products/laptop-gaming-asus-tuf-f16-fa608um-rv266w
Laptop Gaming Asus TUF F16 FX607VJ-RL034W,https://xgear.net/products/laptop-gaming-asus-tuf-f16-fx607vj-rl034w
Laptop Gaming Asus TUF F16 FX607VJB-RL151W,https://xgear.net/products/laptop-gaming-asus-tuf-f16-fx607vjb-rl151w
Laptop Gaming Asus TUF F16 FX607VU-RL045W,https://xgear.net/products/laptop-gaming-asus-tuf-f16-fx607vu-rl045w
"Laptop Gaming Asus TUF F16 FX608JH-QT127W (Core i5-13450HX, RTX 5050, 2K 100% SRGB 165Hz)",https://xgear.net/products/laptop-gaming-asus-tuf-f16-fx608jh-qt127w
Laptop Asus TUF F16 FX608JHI-TU209W (i7-14650HX | RTX 5050 | 16GB | 512GB | 16 inch),https://xgear.net/products/laptop-gaming-asus-tuf-f16-fx608jhi-tu209w
Laptop Asus TUF F16 FX608JM-RV081W (Core i5-13450HX | RTX 5060 | 16GB | 512GB | 16 inch),https://xgear.net/products/laptop-gaming-asus-tuf-f16-fx608jm-rv081w
Laptop Asus TUF F16 FX608JMI TU241W (i7-14650HX | RTX 5060 | 16GB | 512GB | 16 inch),https://xgear.net/products/laptop-gaming-asus-tuf-f16-fx608jmi-tu241w
Laptop Gaming Asus TUF Gaming F16 FX607VJ - RL035W,https://xgear.net/products/laptop-gaming-asus-tuf-gaming-f16-fx607vj-rl035w
Laptop Gaming Gigabyte A16 GA6H CMHH2VN893SH (Core i5 | RTX 4050 | 16GB | 512GB | 165Hz),https://xgear.net/products/laptop-gaming-gigabyte-a16-cmhh2vn893sh
Laptop Gaming Gigabyte A16 CMHI2VN893SH (Core i7 | RTX 4050 | 16GB | 512GB | 165Hz),https://xgear.net/products/laptop-gaming-gigabyte-a16-cmhi2vn893sh
Laptop Gaming Gigabyte A16 CMHI2VN894SH (Core i7 -13620H | RTX 4050 | 16GB | 1TB | 165Hz),https://xgear.net/products/laptop-gaming-gigabyte-a16-cmhi2vn894sh
Laptop Gaming Gigabyte A16 CTHH3VN893SH (i5-13420H | RTX 5050 | 16GB | 512GB | 165Hz),https://xgear.net/products/laptop-gaming-gigabyte-a16-cthh3vn893sh
Laptop Gaming Gigabyte A16 CTHI3VN893SH (i7-13620H | RTX 5050 | 16GB | 512GB | 165Hz),https://xgear.net/products/laptop-gaming-gigabyte-a16-cthi3vn893sh
Laptop Gaming Gigabyte A16 CVHI3VN893SH (i7-13620H | RTX 5060 | 16GB | 512GB | 165Hz),https://xgear.net/products/laptop-gaming-gigabyte-a16-cvhi3vn893sh
Laptop Gaming Gigabyte A16 CVHI3VNC93SH,https://xgear.net/products/laptop-gaming-gigabyte-a16-cvhi3vnc93sh
Laptop Gaming Gigabyte A16 CWHI3VN864SH,https://xgear.net/products/laptop-gaming-gigabyte-a16-cwhi3vn864sh
Laptop Gaming Gigabyte A16 CWHI3VNC94SH (Core i7 | RTX 5070 | 16GB | 1TB | sRGB 100%),https://xgear.net/products/laptop-gaming-gigabyte-a16-cwhi3vnc94sh
Laptop Gaming Gigabyte A16-GA63H-3THK3VN893SH (Ryzen 7 260 | RTX 5050 | 16GB | 512GB | 16 inch FHD+),https://xgear.net/products/laptop-gaming-gigabyte-a16-ga63h-3thk3vn893sh
Laptop Gaming Gigabyte A16 GA63H 3VHK3VN893SH,https://xgear.net/products/laptop-gaming-gigabyte-a16-ga63h-3vhk3vn893sh
Laptop Gaming Gigabyte A16 GA65H 5THP3VN893SH (Ryzen 7 170 | RTX 5050 | 16GB | 512GB | 16 inch FHD+ 165Hz),https://xgear.net/products/laptop-gaming-gigabyte-a16-ga65h-5thp3vn893sh
Laptop Gaming Gigabyte A16 GA6H-CMHH2MY893SH,https://xgear.net/products/laptop-gaming-gigabyte-a16-ga6h-cmhh2my893sh
Laptop Gaming Gigabyte A16 GA6H-CMHI2MY893SH,https://xgear.net/products/laptop-gaming-gigabyte-a16-ga6h-cmhi2my893sh
Laptop Gaming Gigabyte A16 GA6H-CVHI3MY893SH,https://xgear.net/products/laptop-gaming-gigabyte-a16-ga6h-cvhi3my893sh
Laptop Gaming Gigabyte A16 GA6H-CVHI3VNC94SH (Core i7-13620H | RTX 5060 | 16GB | 1TB | QHD+165Hz 100% SRGB),https://xgear.net/products/laptop-gaming-gigabyte-a16-ga6h-cvhi3vnc94sh
Laptop Gaming Gigabyte AORUS 16X 9KG 43VNC54SH (i7-13650HX | RTX 4060 | 16GB | 1TB | 100% sRGB),https://xgear.net/products/laptop-gaming-gigabyte-aorus-16x-9kg-43vnc54sh
Laptop Gaming Gigabyte AORUS 16X ASG 53VNC54SH,https://xgear.net/products/laptop-gaming-gigabyte-aorus-16x-asg-53vnc54sh
Laptop Gaming Gigabyte AORUS 16X ASG 53VNC94SH,https://xgear.net/products/laptop-gaming-gigabyte-aorus-16x-asg-53vnc94sh
Laptop Gaming Gigabyte Aorus Master 16 BYH-C5VNE64SH,https://xgear.net/products/laptop-gaming-gigabyte-aorus-master-16-byh-c5vne64sh
Laptop Gaming Gigabyte G6X 9KG 43VN853SH,https://xgear.net/products/laptop-gaming-gigabyte-g6x-9kg-43vn853sh
Laptop Gaming Gigabyte G6X 9KG 43VN854SH,https://xgear.net/products/laptop-gaming-gigabyte-g6x-9kg-43vn854sh
Laptop Gaming Gigabyte G6X 9MG 42VN853SH,https://xgear.net/products/laptop-gaming-gigabyte-g6x-9mg-42vn853sh
Laptop Gaming Gigabyte G6X 9MG 42VN854SH,https://xgear.net/products/laptop-gaming-gigabyte-g6x-9mg-42vn854sh
Laptop Gaming HP HyperX Omen 15-ga0091TX D72D7PA (Core i5-14450HX | RTX 5060 | 16GB | 512GB | QHD),https://xgear.net/products/laptop-gaming-hp-hyperx-omen-15-ga0091tx-d72d7pa
Laptop Gaming HP HyperX Omen 15-ga0091TX D72D8PA (Core i5-14450HX | RTX 5050 | 16GB | 512GB | QHD),https://xgear.net/products/laptop-gaming-hp-hyperx-omen-15-ga0091tx-d72d8pa
Laptop Gaming HP VICTUS 15 fa2731TX - B85LNPA,https://xgear.net/products/laptop-gaming-hp-victus-15-fa2731tx-b85lnpa
Laptop Gaming HP VICTUS 15-fa2732TX B85LPPA,https://xgear.net/products/laptop-gaming-hp-victus-15-fa2732tx-b85lppa
Laptop Gaming HP Victus 16-r0298TX AE0N5PA,https://xgear.net/products/laptop-gaming-hp-victus-16-r0298tx-ae0n5pa
Laptop Gaming HP Victus 16-r1178TX A2NN2PA,https://xgear.net/products/laptop-gaming-hp-victus-16-r1178tx-a2nn2pa
Laptop Gaming HP Victus 16-r1182TX A2NN6PA,https://xgear.net/products/laptop-gaming-hp-victus-16-r1182tx-a2nn6pa
Laptop Gaming HP Victus 16-s0138AX 9Q985PA,https://xgear.net/products/laptop-gaming-hp-victus-16-s0138ax-9q985pa
Laptop Gaming HP Victus 16-s1141AX AZ0C6PA,https://xgear.net/products/laptop-gaming-hp-victus-16-s1141ax-az0c6pa
Laptop Gaming HP Victus 16-s1142AX AZ0C7PA,https://xgear.net/products/laptop-gaming-hp-victus-16-s1142ax-az0c7pa
Laptop Gaming HP Victus 16-s1143AX AZ0C8PA,https://xgear.net/products/laptop-gaming-hp-victus-16-s1143ax-az0c8pa
Laptop Gaming HP Victus 16-s1145AX AZ0D0PA,https://xgear.net/products/laptop-gaming-hp-victus-16-s1145ax-az0d0pa
Laptop Gaming Lenovo Legion 5 15AHP10 83M0002XVN (Ryzen 7 | RTX 5050 | 24GB | 512GB | 165 Hz),https://xgear.net/products/laptop-gaming-lenovo-legion-5-15ahp10-83m0002xvn
Laptop Gaming Lenovo Legion 5 15AHP10 83M0002YVN,https://xgear.net/products/laptop-gaming-lenovo-legion-5-15ahp10-83m0002yvn
Laptop Gaming LENOVO Legion 5 15AHP10 83M00030VN,https://xgear.net/products/laptop-gaming-lenovo-legion-5-15ahp10-83m00030vn
Laptop Gaming Lenovo Legion 5 15AHP10 83M0005FVN (Ryzen 7 | RTX 5060 | 16GB | 32GB | OLED),https://xgear.net/products/laptop-gaming-lenovo-legion-5-15ahp10-83m0005fvn
Laptop Gaming Lenovo Legion 5 15AHP11 83Q7001HVN (R7 250 | RTX 5050 | 16GB | 512GB | OLED),https://xgear.net/products/laptop-gaming-lenovo-legion-5-15ahp11-83q7001hvn
Laptop Gaming Lenovo Legion 5 15AHP11-83Q7001JVN (Ryzen 7 250 | RTX 5060 | 16GB | 512GB | OLED),https://xgear.net/products/laptop-gaming-lenovo-legion-5-15ahp11-83q7001jvn
Laptop Gaming Lenovo Legion 5 15IAX10 83F0003BVN,https://xgear.net/products/laptop-gaming-lenovo-legion-5-15iax10-83f0003bvn
Laptop Gaming Lenovo Legion 5 15IAX10 83F0003CVN,https://xgear.net/products/laptop-gaming-lenovo-legion-5-15iax10-83f0003cvn
Laptop Gaming LENOVO Legion 5 15IPH11 83RW0023VN (Ultra 7 356H | RTX 5060 | 16GB | 512GB | OLED),https://xgear.net/products/laptop-gaming-lenovo-legion-5-15iph11-83rw0023vn
Laptop Gaming LENOVO Legion 5 15IRX10 83LY004GVN,https://xgear.net/products/laptop-gaming-lenovo-legion-5-15irx10-83ly004gvn
Laptop Gaming LENOVO Legion 5 15IRX10 83LY004JVN,https://xgear.net/products/laptop-gaming-lenovo-legion-5-15irx10-83ly004jvn
Laptop Gaming LENOVO Legion 5 15IRX10 83LY004VVN,https://xgear.net/products/laptop-gaming-lenovo-legion-5-15irx10-83ly004vvn
Laptop Gaming LENOVO Legion 5 15IRX10 83LY00A6VN,https://xgear.net/products/laptop-gaming-lenovo-legion-5-15irx10-83ly00a6vn
"Laptop Gaming LENOVO Legion 5 15IRX10 83LY00A7VN (Core i7-14700HX | RTX 5050 | 16GB | 512GB | 15,1 inch)",https://xgear.net/products/laptop-gaming-lenovo-legion-5-15irx10-83ly00a7vn
Laptop Gaming LENOVO Legion 5 15IRX10 83LY00HQVN (Core i7 13650HX | RTX 5060 | 16GB | 512GB | 100% sRGB),https://xgear.net/products/laptop-gaming-lenovo-legion-5-15irx10-83ly00hqvn
Lenovo Legion 5 15IRX10 83LY00HRVN ( Core i7 13650HX | RTX 5050 | 16GB DDR5 | 512GB | 15.3″ WUXGA ),https://xgear.net/products/laptop-gaming-lenovo-legion-5-15irx10-83ly00hrvn
Laptop gaming Lenovo Legion 5 15IRX10 83LY00HWVN (Core i7 | RTX 5060 | 16GB | 512GB | OLED),https://xgear.net/products/laptop-gaming-lenovo-legion-5-15irx10-83ly00hwvn
Laptop Gaming LENOVO Legion 5 15IRX10 83LY00HYVN (Core i7 | RTX 5050 | 16GB | 1TB | OLED),https://xgear.net/products/laptop-gaming-lenovo-legion-5-15irx10-83ly00hyvn
Laptop Gaming LENOVO Legion 7 16IAX10 83KY001UVN,https://xgear.net/products/laptop-gaming-lenovo-legion-7-16iax10-83ky001uvn
Laptop Gaming LENOVO Legion 7 16IAX10 83KY001VVN,https://xgear.net/products/laptop-gaming-lenovo-legion-7-16iax10-83ky001vvn
Laptop Gaming Lenovo Legion Pro 5 16IAX10 83F3002GVN,https://xgear.net/products/laptop-gaming-lenovo-legion-pro-5-16iax10-83f3002gvn
Laptop Gaming Lenovo Legion Pro 5 16IAX10 83F3003VVN,https://xgear.net/products/laptop-gaming-lenovo-legion-pro-5-16iax10-83f3003vvn
Laptop Gaming LENOVO Legion Pro 7 16IAX10H 83F5008VVN,https://xgear.net/products/laptop-gaming-lenovo-legion-pro-7-16iax10h-83f5008vvn
Laptop Gaming Lenovo Legion Pro 7 16IAX10H 83F5008WVN,https://xgear.net/products/laptop-gaming-lenovo-legion-pro-7-16iax10h-83f5008wvn
Laptop Gaming Lenovo Legion Pro 7 16IAX10H 83F500JGVN (Legion Pro 7i FIFA World Cup 26™ Edition),https://xgear.net/products/laptop-gaming-lenovo-legion-pro-7-16iax10h-83f500jgvn
Laptop Gaming Lenovo LOQ 15AHP10 83JG0047VN (Ryzen 7 250 | RTX 5050 | 16GB | 512GB | 100% sRGB),https://xgear.net/products/laptop-gaming-lenovo-loq-15ahp10-83jg0047vn
Laptop Gaming Lenovo LOQ 15AHP11 83TN0040VN (Ryzen 7 250 | RTX 5050 | 16GB | 512GB | 100% sRGB),https://xgear.net/products/laptop-gaming-lenovo-loq-15ahp11-83tn0040vn
Laptop Gaming Lenovo LOQ 15APH8 82XT00BTVN,https://xgear.net/products/laptop-gaming-lenovo-loq-15aph8-82xt00btvn
Laptop Gaming Lenovo LOQ 15ARP10E 83S0000DVN (Ryzen 5 7535HS | RTX 3050 | 16GB | 512GB | 100% sRGB),https://xgear.net/products/laptop-gaming-lenovo-loq-15arp10e-83s0000dvn
Laptop gaming Lenovo LOQ 15ARP10E 83S0000GVN (R 5 7535HS | RTX 3050 | 16GB | 1TB | 100% sRGB),https://xgear.net/products/laptop-gaming-lenovo-loq-15arp10e-83s0000gvn
Laptop gaming Lenovo LOQ 15ARP10E 83S000G7VN (Ryzen 5 150 | RTX 3050 | 16GB | 512GB | 100% sRGB),https://xgear.net/products/laptop-gaming-lenovo-loq-15arp10e-83s000g7vn
Laptop Gaming Lenovo LOQ 15ARP9 83JC003VVN,https://xgear.net/products/laptop-gaming-lenovo-loq-15arp9-83jc003vvn
Laptop Gaming Lenovo LOQ 15ARP9 83JC003YVN,https://xgear.net/products/laptop-gaming-lenovo-loq-15arp9-83jc003yvn
Laptop Gaming Lenovo LOQ 15ARP9 83JC007HVN,https://xgear.net/products/laptop-gaming-lenovo-loq-15arp9-83jc007hvn
Laptop Gaming Lenovo LOQ 15ARP9 83JC007JVN,https://xgear.net/products/laptop-gaming-lenovo-loq-15arp9-83jc007jvn
"Laptop Gaming Lenovo LOQ 15ARP9 83JC00HXVN (Ryzen 5 7235HS, RTX 3050 6GB, 100% sRGB)",https://xgear.net/products/laptop-gaming-lenovo-loq-15arp9-83jc00hxvn
Laptop Gaming Lenovo LOQ 15ARP9 83JC00HYVN,https://xgear.net/products/laptop-gaming-lenovo-loq-15arp9-83jc00hyvn
Laptop Gaming Lenovo LOQ 15ARP9 83JC00J0VN,https://xgear.net/products/laptop-gaming-lenovo-loq-15arp9-83jc00j0vn
Laptop Gaming Lenovo LOQ 15ARP9 83JC00L0VN,https://xgear.net/products/laptop-gaming-lenovo-loq-15arp9-83jc00l0vn
Laptop Gaming Lenovo LOQ 15ARP9 83JC00M3VN (Ryzen 5 | RTX 3050 | 16GB | 1TB | FHD),https://xgear.net/products/laptop-gaming-lenovo-loq-15arp9-83jc00m3vn
Laptop Gaming Lenovo LOQ 15ARP9 83JC00M4VN,https://xgear.net/products/laptop-gaming-lenovo-loq-15arp9-83jc00m4vn
Laptop Gaming Lenovo LOQ 15IPH11 83SL000LVN (Ultra 7-356H | RTX 5060 | 16GB | 512 GB | 15.3 inch),https://xgear.net/products/laptop-gaming-lenovo-loq-15iph11-83sl000lvn
Laptop Gaming Lenovo LOQ 15IRH8 82XV00QQVN,https://xgear.net/products/laptop-gaming-lenovo-loq-15irh8-82xv00qqvn
Laptop Gaming Lenovo LOQ 15IRX10 83JE00PEVN (Core i7-13650HX | RTX 5050 | 16GB | 512GB | 15.6 inch),https://xgear.net/products/laptop-gaming-lenovo-loq-15irx10-83je00pevn
Laptop Gaming Lenovo LOQ 15IRX10 83JE01AGVN (Core i7-13645HX | RTX 5050 | 16GB | 512GB | 15.6 inch),https://xgear.net/products/laptop-gaming-lenovo-loq-15irx10-83je01agvn
Laptop Gaming Lenovo LOQ 15IRX9 83DV003CVN (Core i5 | RTX 3050 |16GB | 512GB | 100% sRGB),https://xgear.net/products/laptop-gaming-lenovo-loq-15irx9-83dv003cvn
Laptop Gaming Lenovo LOQ 15IRX9 83DV012LVN,https://xgear.net/products/laptop-gaming-lenovo-loq-15irx9-83dv012lvn
Laptop Gaming Lenovo LOQ 15IRX9 83DV013PVN (i5-13450HX | RTX 3050 | 12GB | 512GB | 100% sRGB),https://xgear.net/products/laptop-gaming-lenovo-loq-15irx9-83dv013pvn
Laptop Gaming Lenovo LOQ 15IRX9 83DV01ALVN (Core i7-13650HX | RTX 4050 | 16GB | 512GB | 100% sRGB),https://xgear.net/products/laptop-gaming-lenovo-loq-15irx9-83dv01alvn
Laptop Gaming Lenovo LOQ 15IRX9 83DV01ANVN (i5-13450HX | RTX 3050 | 16GB | 1TB | 100% sRGB),https://xgear.net/products/laptop-gaming-lenovo-loq-15irx9-83dv01anvn
Laptop Gaming Lenovo LOQ 15IRX9 83DV01H2VN (Core i7-13650HX | RTX 4050 | 16GB | 512GB | 100% sRGB),https://xgear.net/products/laptop-gaming-lenovo-loq-15irx9-83dv01h2vn
Laptop Gaming Lenovo LOQ 15IRX9 83DV01H3VN (Core i7-13645HX | RTX 4050 | 16GB | 512GB | 100% sRGB),https://xgear.net/products/laptop-gaming-lenovo-loq-15irx9-83dv01h3vn
Laptop Gaming Lenovo LOQ Essential 15ARP10E 83S0006QVN (Ryzen 7 | RTX 3050 | 16GB | 512GB | 144Hz),https://xgear.net/products/laptop-gaming-lenovo-loq-essential-15arp10-83s0006qvn
Laptop Lenovo LOQ 15ARP10E 83S0004FVN ( Ryzen 7 7735HS | RTX 4050 | 16GB | 512GB | 100% sRGB),https://xgear.net/products/laptop-gaming-lenovo-loq-essential-15arp10e-83s0004fvn
Laptop Gaming Lenovo LOQ Essential 15ARP10E 83S0006RVN,https://xgear.net/products/laptop-gaming-lenovo-loq-essential-15arp10e-83s0006rvn
Laptop Gaming Lenovo LOQ Essential 15ARP10E 83S0007AVN,https://xgear.net/products/laptop-gaming-lenovo-loq-essential-15arp10e-83s0007avn
Laptop Gaming Lenovo LOQ Essential 15ARP10E 83S000CNVN ( Ryzen 7 - 170 | RTX 3050 | 16GB | 512GB | 100% sRGB),https://xgear.net/products/laptop-gaming-lenovo-loq-essential-15arp10e-83s000cnvn
Laptop Gaming Lenovo LOQ Essential 15ARP10E 83S000DCVN ( Ryzen 7 - 170 | RTX 3050 | 16GB | 512GB | 100% sRGB),https://xgear.net/products/laptop-gaming-lenovo-loq-essential-15arp10e-83s000dcvn-ryzen-7-170-rtx-3050-16gb-512gb-100-srgb
Laptop Gaming Lenovo LOQ Essential 15ARP10E 83S000DDVN ( Ryzen 7 - 170 | RTX 4050 | 16GB | 512GB | 100% sRGB),https://xgear.net/products/laptop-gaming-lenovo-loq-essential-15arp10e-83s000ddvn
Laptop Gaming Lenovo LOQ Essential 15ARP10E 83S000DEVN ( Ryzen 7 - 170 | RTX 3050 | 16GB | 512GB | 100% sRGB),https://xgear.net/products/laptop-gaming-lenovo-loq-essential-15arp10e-83s000devn-ryzen-7-170-rtx-3050-16gb-512gb-100-srgb
Laptop Gaming Lenovo LOQ Essential 15IRX11 83SC003RVN (i5-13450HX | RTX 5050 | 16GB | 512GB | 100% sRGB),https://xgear.net/products/laptop-gaming-lenovo-loq-essential-15irx11-83sc003rvn
Laptop Gaming Lenovo LOQ Essential 15IRX11 83SC003SVN (i5-13450HX | RTX 5050 | 16GB | 1TB | 100% sRGB),https://xgear.net/products/laptop-gaming-lenovo-loq-essential-15irx11-83sc003svn
Laptop Gaming Lenovo LOQ Essential 15IRX11 83SC003TVN,https://xgear.net/products/laptop-gaming-lenovo-loq-essential-15irx11-83sc003tvn
Laptop Gaming MSI Crosshair 16 HX AI D2XWFKG 035VN,https://xgear.net/products/laptop-gaming-msi-crosshair-16-hx-ai-d2xwfkg-035vn
Laptop Gaming MSI Crosshair 16 HX AI D2XWFKG-036VN (Ultra 7 | RTX 5060 | 16GB | 1TB | 2K),https://xgear.net/products/laptop-gaming-msi-crosshair-16-hx-ai-d2xwfkg-036vn
Laptop Gaming MSI Crosshair 16 HX AI D2XWFKG 070VN,https://xgear.net/products/laptop-gaming-msi-crosshair-16-hx-ai-d2xwfkg-070vn
Laptop Gaming MSI Crosshair 16 HX AI D2XWFKG 078VN,https://xgear.net/products/laptop-gaming-msi-crosshair-16-hx-ai-d2xwfkg-078vn
Laptop Gaming MSI Crosshair 16 HX AI D2XWGKG 034VN,https://xgear.net/products/laptop-gaming-msi-crosshair-16-hx-ai-d2xwgkg-034vn
Laptop Gaming MSI Crosshair 16 HX AI D2XWGKG 071VN,https://xgear.net/products/laptop-gaming-msi-crosshair-16-hx-ai-d2xwgkg-071vn
Laptop Gaming MSI Crosshair 16 HX AI D2XWGKG 072VN,https://xgear.net/products/laptop-gaming-msi-crosshair-16-hx-ai-d2xwgkg-072vn
Laptop Gaming MSI Crosshair 16 HX E14WEK 077VN,https://xgear.net/products/laptop-gaming-msi-crosshair-16-hx-e14wek
"Laptop Gaming MSI Crosshair 16 HX E14WEK 076VN (i9-14900HX , 32GB , 1TB SSD , RTX 5050 , 16"" QHD+ 240Hz)",https://xgear.net/products/laptop-gaming-msi-crosshair-16-hx-e14wek-076vn
Laptop Gaming MSI Crosshair 16 HX E14WFK,https://xgear.net/products/laptop-gaming-msi-crosshair-16-hx-e14wfk
Laptop Gaming MSI Crosshair 16 HX E14WFK,https://xgear.net/products/laptop-gaming-msi-crosshair-16-hx-e14wfk-1
Laptop Gaming MSI Crosshair 16 HX E14WGK,https://xgear.net/products/laptop-gaming-msi-crosshair-16-hx-e14wgk
Laptop Gaming MSI Crosshair A16 HX E8WFK,https://xgear.net/products/laptop-gaming-msi-crosshair-a16-hx-e8wfk
Laptop Gaming MSI Crosshair A16 HX E8WFK,https://xgear.net/products/laptop-gaming-msi-crosshair-a16-hx-e8wfk-1
MSI Cyborg 15 A13UC-2082VN (Core i7 | RTX 3050 | 16GB | 512GB | 144Hz),https://xgear.net/products/laptop-gaming-msi-cyborg-15-a13uc-2082vn
"Laptop Gaming MSI Cyborg 15 A13UC 2088VN (i5-13420H, RTX 3050 4GB DDR6, 16GB DDR5, 15.6 FHD 144Hz IPS)",https://xgear.net/products/laptop-gaming-msi-cyborg-15-a13uc-2088vn
Laptop Gaming MSI Cyborg 15 A13VEK 2089VN,https://xgear.net/products/laptop-gaming-msi-cyborg-15-a13vek-2089vn
Laptop Gaming MSI Cyborg 15 A13VFK 876VN,https://xgear.net/products/laptop-gaming-msi-cyborg-15-a13vfk-876vn
Laptop Gaming MSI Cyborg 15 B13WEKG 676VN,https://xgear.net/products/laptop-gaming-msi-cyborg-15-b13wekg-676vn
Laptop Gaming MSI Cyborg 15 B13WFKG 658VN,https://xgear.net/products/laptop-gaming-msi-cyborg-15-b13wfkg-658vn
Laptop Gaming MSI Cyborg 15 B2RWEKG 402VN,https://xgear.net/products/laptop-gaming-msi-cyborg-15-b2rwekg-402vn
Laptop Gaming MSI Cyborg 15 Black Edition A13VE-2410VN (Core i5-13420H | RTX 4050 | 16GB | 512GB | 15.6 inch FHD 144Hz),https://xgear.net/products/laptop-gaming-msi-cyborg-15-black-edition-a13ve-2410vn
Laptop Gaming MSI Cyborg 15 C13WEO-417VN,https://xgear.net/products/laptop-gaming-msi-cyborg-15-c13weo-417vn
Laptop Gaming MSI Katana 15 B13UDXK 2412VN (Core i5-13420H | RTX 3050 | 8GB | 1TB | 15.6 inch FHD),https://xgear.net/products/laptop-gaming-msi-katana-15-b13udxk-2412vn
Laptop Gaming MSI Katana 15 B13VEK 2415VN,https://xgear.net/products/laptop-gaming-msi-katana-15-b13vek-2415vn
Laptop Gaming MSI Katana 15 B13VEK-2440VN,https://xgear.net/products/laptop-gaming-msi-katana-15-b13vek-2440vn
Laptop Gaming MSI Katana 15 B13VFK 676VN,https://xgear.net/products/laptop-gaming-msi-katana-15-b13vfk-676vn
Laptop Gaming MSI Katana 15 HX B14WEK 026VN,https://xgear.net/products/laptop-gaming-msi-katana-15-hx-b14wek-026vn
Laptop Gaming MSI Katana 15 HX B14WEK 027VN (Core i7 | RTX 5050 | 32GB | 512GB | 2K),https://xgear.net/products/laptop-gaming-msi-katana-15-hx-b14wek-027vn
Laptop Gaming MSI Katana 15 HX B14WEK 028VN,https://xgear.net/products/laptop-gaming-msi-katana-15-hx-b14wek-028vn
Laptop Gaming MSI Katana 15 HX B14WEK 286VN (Core i5 | RTX 5050 | 16GB | 512GB | 2K),https://xgear.net/products/laptop-gaming-msi-katana-15-hx-b14wek-286vn
Laptop Gaming MSI Katana 15 HX B14WEK 295VN (Core i9 | RTX 5050 | 16GB | 512GB | 2K),https://xgear.net/products/laptop-gaming-msi-katana-15-hx-b14wek-295vn
Laptop Gaming MSI Katana 15 HX B14WFK 024VN,https://xgear.net/products/laptop-gaming-msi-katana-15-hx-b14wfk-024vn
Laptop Gaming MSI Katana 15 HX B14WFK 025VN,https://xgear.net/products/laptop-gaming-msi-katana-15-hx-b14wfk-025vn
Laptop Gaming MSI Katana 15 HX B14WFK 267VN,https://xgear.net/products/laptop-gaming-msi-katana-15-hx-b14wfk-267vn
Laptop Gaming MSI Katana 15 HX B14WFK 294VN (Core i9-14900HX | RTX 5060 | 16GB | 512GB | QHD),https://xgear.net/products/laptop-gaming-msi-katana-15-hx-b14wfk-294vn
Laptop Gaming MSI Katana 15 HX B14WGK 022VN,https://xgear.net/products/laptop-gaming-msi-katana-15-hx-b14wgk-022vn
Laptop Gaming MSI Katana 15 HX B14WGK 023VN,https://xgear.net/products/laptop-gaming-msi-katana-15-hx-b14wgk-023vn
Laptop Gaming MSI Katana A15 AI B8VG 465VN (20th Edition) ( Ryzen 7 | RTX 4070 | 16GB | 1TB | FHD 144Hz),https://xgear.net/products/laptop-gaming-msi-katana-a15-ai-b8vg-465vn-20th-edition
Laptop Gaming MSI Pulse 16 AI C1VGKG 061VN,https://xgear.net/products/laptop-gaming-msi-pulse-16-ai-c1vgkg-061vn
Laptop Gaming MSI Raider 16 HX B2WH 258VN (Ultra 9 275HX | 32GB | 1TB | RTX 5070 Ti | 16inch QHD+ 240Hz | Win 11 | Đen),https://xgear.net/products/laptop-gaming-msi-raider-16-hx-b2wh-258vn
Laptop Gaming MSI Raider 16 HX B2WI,https://xgear.net/products/laptop-gaming-msi-raider-16-hx-b2wi
"Laptop Gaming MSI Raider 16 HX B8WH- 031VN (Ryzen 9 8940HX , 32GB , 1TB SSD , RTX5070Ti , 16inch QHD+ 240Hz)",https://xgear.net/products/laptop-gaming-msi-raider-16-hx-b8wh-031vn
Laptop Gaming MSI Raider 16 Max HX B2WI-095VN (Ultra 9 290HX Plus | RTX 5080 | 64GB | 2TB | 16 inch OLED QHD+),https://xgear.net/products/laptop-gaming-msi-raider-16-max-hx-b2wi-095vn
Laptop Gaming MSI Raider 16 Max HX B2WJ,https://xgear.net/products/laptop-gaming-msi-raider-16-max-hx-b2wj
Laptop Gaming MSI Raider 18 HX AI A2XWIG 033VN,https://xgear.net/products/laptop-gaming-msi-raider-18-hx-ai-a2xwig-033vn
Laptop Gaming MSI Raider 18 HX AI A2XWJG 692VN,https://xgear.net/products/laptop-gaming-msi-raider-18-hx-ai-a2xwjg-692vn
Laptop Gaming MSI Raider 18 Max HX A2WI,https://xgear.net/products/laptop-gaming-msi-raider-18-max-hx-a2wi
Laptop Gaming MSI Raider 18 Max HX A2WJ,https://xgear.net/products/laptop-gaming-msi-raider-18-max-hx-a2wj
MSI Stealth 16 AI+ B3WF 007VN,https://xgear.net/products/laptop-gaming-msi-stealth-16-ai-b3wf-007vn
Laptop Gaming MSI Stealth 16 AI+ B3WG-008VN (Ultra 9 386H | RTX 5070 | 32GB | 1TB | 16 inch QHD+ 240Hz),https://xgear.net/products/laptop-gaming-msi-stealth-16-ai-b3wg-008vn
Laptop Gaming MSI Stealth 16 AI+ B3WGX - 051VN (Ultra 9 386H | RTX 5070 | 32GB | 1TB | 16 inch QHD+ 240Hz),https://xgear.net/products/laptop-gaming-msi-stealth-16-ai-b3wgx-051vn
Laptop Gaming MSI Stealth 18 HX AI A2XWIG 017VN,https://xgear.net/products/laptop-gaming-msi-stealth-18-hx-ai-a2xwig-017vn
Laptop Gaming MSI Stealth 18 HX AI A2XWJG 073VN,https://xgear.net/products/laptop-gaming-msi-stealth-18-hx-ai-a2xwjg-073vn
Laptop Gaming MSI Stealth A16 AI+ A3XVGG 208VN,https://xgear.net/products/laptop-gaming-msi-stealth-a16-ai-a3xvgg-208vn
Laptop Gaming MSI Stealth A16 AI+ A3XWFG 018VN,https://xgear.net/products/laptop-gaming-msi-stealth-a16-ai-a3xwfg-018vn
Laptop Gaming MSI Stealth A16 AI+ A3XWHG 085VN (Ryzen AI 9 | RTX 5070 Ti | 32GB | 1TB | QHD),https://xgear.net/products/laptop-gaming-msi-stealth-a16-ai-a3xwhg-085vn
Laptop Gaming MSI Stealth A16 Mercedes AMG AI+ A3XWGGG 032VN,https://xgear.net/products/laptop-gaming-msi-stealth-a16-mercedes-amg-ai-a3xwggg-032vn
Laptop Gaming MSI Sword 16 HX B14VEKG 459VN (20th Edition) (i7-14700HX | RTX 4050 | 16GB | 1TB | 144Hz),https://xgear.net/products/laptop-gaming-msi-sword-16-hx-b14vekg-459vn-20th-edition
Laptop Gaming MSI Sword 16 HX B14VGKG 466VN (20th Edition),https://xgear.net/products/laptop-gaming-msi-sword-16-hx-b14vgkg-466vn-20th-edition
Laptop Gaming MSI Thin 15 B13UC 3247VN,https://xgear.net/products/laptop-gaming-msi-thin-15-b13uc-3247vn
Laptop Gaming MSI Titan 18 HX A2WJ 1200VN (Ultra 9 290HX Plus | RTX 5090 | 96GB | 2TB | UHD),https://xgear.net/products/laptop-gaming-msi-titan-18-hx-a2wj-1200vn
Laptop Gaming MSI Titan 18 HX AI A2XWIG 090VN,https://xgear.net/products/laptop-gaming-msi-titan-18-hx-ai-a2xwig-090vn
Laptop Gaming MSI Titan 18 HX AI A2XWJG 035VN,https://xgear.net/products/laptop-gaming-msi-titan-18-hx-ai-a2xwjg-035vn
Laptop Gaming MSI Titan 18 HX AI A2XWJG-622VN (Ultra 9-285HX | RTX 5090 | RAM 64GB | SSD 6TB),https://xgear.net/products/laptop-gaming-msi-titan-18-hx-ai-a2xwjg-622vn
Laptop Gaming MSI Titan 18 HX Dragon Edition Draco Epic A2W 1245VN,https://xgear.net/products/laptop-gaming-msi-titan-18-hx-dragon-edition-draco-epic-a2w-1245vn
Laptop Gaming MSI Titan 18 HX AI A2XWJG 034VN Dragon Edition Norse Myth,https://xgear.net/products/laptop-gaming-msi-titan-18hx-ai-a2xwjg-034vn-dragon-edition-norse-myth
Laptop Gaming MSI Vector 16 HX AI A2XWHG 010VN,https://xgear.net/products/laptop-gaming-msi-vector-16-hx-ai-a2xwhg-010vn
Laptop Gaming MSI Vector 16 HX AI A2XWIG 062VN,https://xgear.net/products/laptop-gaming-msi-vector-16-hx-ai-a2xwig-062vn
Laptop Gaming MSI Vector 16 HX AI A2XWJG 470VN (Ultra 9 | RTX 5090 | 32GB | 1TB | QHD),https://xgear.net/products/laptop-gaming-msi-vector-16-hx-ai-a2xwjg-470vn
Laptop Gaming MSI Vector A16 HX A8WHG 010VN (Ryzen 9 | RTX 5070 Ti | 16GB | 512GB | 2K),https://xgear.net/products/laptop-gaming-msi-vector-a16-hx-a8whg-010vn
Laptop Gaming MSI Vector GP68 HX 12VH 070VN,https://xgear.net/products/laptop-gaming-msi-vector-gp68-hx-12vh-070vn
Laptop Gaming OMEN MAX 16 16-ah0186TX,https://xgear.net/products/laptop-gaming-omen-max-16-16-ah0186tx
Laptop Gaming OMEN MAX 16 16-ah0212TX C1WR1PA,https://xgear.net/products/laptop-gaming-omen-max-16-16-ah0212tx
Laptop Gaming OMEN MAX 16 16-ah0213TX C1WR2PA,https://xgear.net/products/laptop-gaming-omen-max-16-16-ah0213tx
Laptop Gaming ASUS ROG Flow Z13 GZ302EA-RU080WS,https://xgear.net/products/laptop-gaming-rog-flow-z13-gz302ea-ru080ws
Laptop Gaming Gigabyte A5 K1 AVN1030SB,https://xgear.net/products/laptop-gigabyte-a5-k1-avn1030sb
Laptop Gigabyte AERO X16 1VH93VNC64AH (Ryzen AI 7 | RTX 5060 | 32GB | 1TB | sRGB 100%),https://xgear.net/products/laptop-gigabyte-aero-x16-1vh93vnc64ah
Laptop Gigabyte AERO X16 1VH93VNC94DH (Ryzen AI 7 350 | RTX 5060 | 16GB | TB | sRGB 100%),https://xgear.net/products/laptop-gigabyte-aero-x16-1vh93vnc94dh
Laptop Gigabyte AERO X16 4WHN3VNC93AH (R9 AI 465 | RTX 5070 | 16GB | 512GB | 100% sRGB),https://xgear.net/products/laptop-gigabyte-aero-x16-4whn3vnc93ah
Laptop Gigabyte AERO X16 EG61H-1VH93MY894AH (Ryzen AI 7 | RTX 5060 | 16GB | 1TB | sRGB 100%),https://xgear.net/products/laptop-gigabyte-aero-x16-eg61h-1vh93my894ah
Laptop Gigabyte AERO X16 EG61H-1VH93VNC94AH (Ryzen AI 7 | RTX 5060 | 16GB | 1TB | QHD+| sRGB 100%),https://xgear.net/products/laptop-gigabyte-aero-x16-eg61h-1vh93vnc94ah
Laptop Gigabyte Aorus Master 16 6XJM4VNE64SH (R9 9955HX3D | RTX 5070 Ti | 32GB | 1TB | OLED),https://xgear.net/products/laptop-gigabyte-aorus-master-16-6xjm4vne64sh
Laptop Gaming HP Victus 16-s1146AX AZ0D1PA,https://xgear.net/products/laptop-hp-victus-16-s1146ax-az0d1pa
"Lenovo LOQ 15ARP9 83JC00LVVN (Ryzen 5 7235HS, RTX 3050 6GB, 100% sRGB)",https://xgear.net/products/laptop-lenovo-loq-15arp9-83jc00lvvn
"Laptop Lenovo LOQ Essential 15IAX9E 83LK0079VN (i5-12450HX, RTX 3050 6GB, 100% sRGB)",https://xgear.net/products/laptop-lenovo-loq-essential-15iax9e-83lk0079vn
Laptop LENOVO Yoga Pro 7 15ASH11 83W5000SVN (Ryzen AI Max+ 388 | RTX 5050 | 32GB | 512 GB | OLED),https://xgear.net/products/laptop-lenovo-yoga-pro-7-15ash11-83w5000svn
Laptop LENOVO Yoga Pro 7 15IPH11 83SN000BVN (Ultra 7 356H | RTX 5050 | 32GB | 1TB | 2.5K),https://xgear.net/products/laptop-lenovo-yoga-pro-7-15iph11-83sn000bvn
Laptop Lenovo Yoga Slim 7x Snapdragon X Elite/16GB/512GB/14.5 3K 90Hz/Touch/Win11,https://xgear.net/products/laptop-lenovo-yoga-slim-7x-snapdragon-x-elite
"Laptop MSI Gaming GF63 Thin 11UC 1228VN i7 11800H/8GB/512GB/15.6""F 144Hz/RTX3050MaxQ 4GB/Win11",https://xgear.net/products/laptop-msi-gaming-gf63-thin-11uc-1228vn
Laptop MSI Modern 16S AI+ G3MG-058VN (Core Ultra 7 355 | 16GB | 1TB | Intel® Arc™ graphics | 16inch FHD OLED | Win 11 | Xám),https://xgear.net/products/laptop-msi-modern-16s-ai-g3mg-058vn-core-ultra-7-355-16gb-1tb-intel-arc-graphics-16inch-fhd-oled-win-11-xam
Laptop MSI Modern 16S G3MG-016VN (Core 7 350 | 16GB | 1TB | Intel® Arc™ graphics | 16inch FHD 120Hz | Win 11 | Xám),https://xgear.net/products/laptop-msi-modern-16s-g3mg-016vn-core-7-350-16gb-1tb-intel-arc-graphics-16inch-fhd-120hz-win-11-xam
Laptop MSI Prestige 13 AI+ A3MG-036VN (Ultra 9-386H | Arc Graphics | 32GB | 1TB | 13.3 inch),https://xgear.net/products/laptop-msi-prestige-13-ai-a3mg-036vn
Laptop MSI Prestige 13 AI Evo A1MG 062VN,https://xgear.net/products/laptop-msi-prestige-13-ai-evo-a1mg-062vn
Laptop MSI Prestige 13 AI Evo A1MG 240VN,https://xgear.net/products/laptop-msi-prestige-13-ai-evo-a1mg-240vn
Laptop MSI Prestige 13 AI Evo A1MG 241VN,https://xgear.net/products/laptop-msi-prestige-13-ai-evo-a1mg-241vn
Laptop MSI Prestige 13 AI+ Evo A2VMG 040VN ( Ultra 7 258V | 32GB | 1 TB | 2.8K),https://xgear.net/products/laptop-msi-prestige-13-ai-evo-a2vmg-040vn
Laptop MSI Prestige 13 AI+ Evo A2VMG 062VN,https://xgear.net/products/laptop-msi-prestige-13-ai-evo-a2vmg-062vn
Laptop MSI Prestige 13 AI+ Ukiyo-e Edition A2VMG 075VN,https://xgear.net/products/laptop-msi-prestige-13-ai-ukiyo-e-edition-a2vmg-075vn
Laptop MSI Prestige 14 AI C2VMG 020VN,https://xgear.net/products/laptop-msi-prestige-14-ai-c2vmg-020vn
Laptop MSI Prestige 14 AI+ D3MG-022VN (Ultra 7 355 | Arc Graphics | 32GB | 1TB | 14 inch),https://xgear.net/products/laptop-msi-prestige-14-ai-d3mg-022vn
Laptop MSI Prestige 14 Flip AI+ D3MTG-021VN (Ultra 9 386H | Arc Graphics | 32 GB | 1TB | 14 inch),https://xgear.net/products/laptop-msi-prestige-14-ai-d3mtg-021vn
Laptop MSI Prestige 14 AI Evo C1MG 080VN,https://xgear.net/products/laptop-msi-prestige-14-ai-evo-c1mg-080vn
Laptop MSI Prestige 14 AI Evo C1MG 081VN,https://xgear.net/products/laptop-msi-prestige-14-ai-evo-c1mg-081vn
Laptop MSI Prestige 14 AI Studio C1UDXG 058VN,https://xgear.net/products/laptop-msi-prestige-14-ai-studio-c1udxg-058vn
Laptop MSI Prestige 14 AI Studio C1VEG 056VN,https://xgear.net/products/laptop-msi-prestige-14-ai-studio-c1veg-056vn
Laptop MSI Prestige 14 Flip AI+ Vincent Van Gogh Edition Starry Night Over the Rhône - 260VN,https://xgear.net/products/laptop-msi-prestige-14-flip-ai-vincent-van-gogh-edition-starry-night-over-the-rhone-260vn
Laptop MSI Prestige 14 Flip AI+ Vincent Van Gogh Edition The Starry Night - 295VN,https://xgear.net/products/laptop-msi-prestige-14-flip-ai-vincent-van-gogh-edition-the-starry-night-295vn
Laptop MSI Prestige 16 AI+ C3MG-024VN (Ultra X9-388H | Intel Arc B390| 32GB | 1TB | 16 inch 2.8K OLED),https://xgear.net/products/laptop-msi-prestige-16-ai-c3mg-024vn
Laptop MSI Prestige 16 AI+ Evo B2VMG 016VN (Ultra 9 288V | 32GB | 1 TB | 4K),https://xgear.net/products/laptop-msi-prestige-16-ai-evo-b2vmg-016vn
Laptop MSI Prestige 16 AI+ Mercedes AMG B2VMG 088VN (Ultra 9 288V | 32GB | 2TB | UHD),https://xgear.net/products/laptop-msi-prestige-16-ai-mercedes-amg-b2vmg-088vn
Laptop MSI Prestige 16 AI Studio B1VF 082VN,https://xgear.net/products/laptop-msi-prestige-16-ai-studio-b1vf-082vn
Laptop MSI PrestigePro 16 AI B2HVEG 251VN,https://xgear.net/products/laptop-msi-prestigepro-16-ai-b2hveg-251vn
Laptop MSI Venture A14 AI+ A3HMG 004VN,https://xgear.net/products/laptop-msi-venture-a14-ai-a3hmg-004vn
Laptop MSI Venture A15 AI A2HMG 003VN (Ryzen 7 | Radeon 780M Graphics | 16GB | 512GB | FHD),https://xgear.net/products/laptop-msi-venture-a15-ai-a2hmg-003vn
Laptop MSI Venture A16 AI+ A3HMG 017VN,https://xgear.net/products/laptop-msi-venture-a16-ai-a3hmg-017vn
Laptop MSI Venture 14 AI A1MG 005VN,https://xgear.net/products/laptop-msi-venture-venture-14-ai-a1mg-005vn
Laptop MSI VenturePro 16 AI A1VEG-003VN,https://xgear.net/products/laptop-msi-venturepro-16-ai-a1veg-003vn
LOA LOGITECH G560 LIGHTSYNC RGB GAMING,https://xgear.net/products/loa-logitech-g560-lightsync-rgb-gaming
Lót chuột Logitech G840 XL,https://xgear.net/products/lot-chuot-logitech-g840-xl
MacBook Air M5 13 inch 2026 10CPU 10GPU 16GB 1TB,https://xgear.net/products/macbook-air-m5-13-inch-2026-10cpu-10gpu-16gb-1tb
MacBook Air M5 13 inch 2026 10CPU 10GPU 24GB 1TB,https://xgear.net/products/macbook-air-m5-13-inch-2026-10cpu-10gpu-24gb-1tb
MacBook Air M5 15 inch 2026 10CPU 10GPU 16GB 1TB,https://xgear.net/products/macbook-air-m5-15-inch-2026-10cpu-10gpu-16gb-1tb
MacBook Air M5 15 inch 2026 10CPU 10GPU 24GB 1TB,https://xgear.net/products/macbook-air-m5-15-inch-2026-10cpu-10gpu-24gb-1tb
MacBook Neo 13 inch A18 Pro 8GB-256GB,https://xgear.net/products/macbook-neo-13-inch-a18-pro-2026-6cpu-5gpu-8gb-256gb
MacBook Neo 13 inch A18 Pro 8GB-512GB,https://xgear.net/products/macbook-neo-13-inch-a18-pro-8gb-512gb
MacBook Pro M5 Max 16 inch 2026 18CPU 32GPU 36GB 2TB,https://xgear.net/products/macbook-pro-m5-max-16-inch-18cpu-32gpu-36gb-2tb
MacBook Pro M5 Pro 14 inch 2026 15CPU 16GPU 24GB 1TB,https://xgear.net/products/macbook-pro-m5-pro-14-inch-15cpu-16gpu-24gb-1tb
MacBook Pro M5 Pro 14 inch 2026 18CPU 20GPU 24GB 2TB,https://xgear.net/products/macbook-pro-m5-pro-14-inch-2026-18cpu-20gpu-24gb-2tb
MacBook Pro M5 Pro 16 inch 2026 18CPU 20GPU 24GB 1TB,https://xgear.net/products/macbook-pro-m5-pro-16-inch-18cpu-20gpu-24gb-1tb
Máy chơi game Lenovo Legion Go 8APU1 83E1004KVN,https://xgear.net/products/may-choi-game-lenovo-legion-go-8apu1-83e1004kvn
PC R5-6500XT PLUS (AMD R5 5500 - RX 6500XT - 16GB RAM - 256GB RAM),https://xgear.net/products/pc-r5-6500xt-plus
PC Gaming Core i9 14900K RTX 5080,https://xgear.net/products/pcgaming-creator-core-i9-5080
